"","x"
"AGGGCGCTATTCGG-6",1
"TAGGCTGATATGCG-2",2
"AACTCACTGTTGAC-6",1
"AAACGCACTTTGTC-1",3
"ATTCCAACAACTGC-2",2
"AAGGCTTGTAGAGA-6",1
"AGTAGAGATGTGAC-4",4
"GGCCGAACGAACTC-7",5
"CTTTACGAGAACCT-3",5
"TAACTCACACTGTG-7",6
"ATGCAGTGGCGGAA-7",5
"ATTCGACTCTACGA-7",6
"ATAACCCTCTTCTA-1",3
"GGCCACGATCGCAA-1",3
"GGAGCCACCAAAGA-7",6
"CAACCAGAACACAC-5",7
"CCAAAGTGTTCCGC-1",3
"GTGGATTGTGCATG-5",7
"CTATCCCTCTTGAG-2",2
"CTAACGGACGAGAG-6",1
"ACAAAGGAGTCATG-4",4
"TGAGCAACAAACGA-2",2
"TGGCACCTCACTGA-6",1
"CTTACAACGGCATT-3",5
"AAGTCCGAATCGGT-4",4
"AGTATCCTACACAC-6",1
"CTTCACCTCATGCA-7",5
"AGATCTCTTCCTTA-2",2
"AAGTCTCTTCATTC-2",2
"CTTACTGACACAAC-1",3
"GATATCCTCAATCG-3",5
"TTCACCCTGAGGGT-5",7
"GGATGTTGCCGCTT-2",2
"CACAGAACCCTATT-6",1
"AGTCAGACGATGAA-4",4
"TCGCCATGACGTGT-1",3
"TTGTCATGAAAGTG-6",1
"CATGCCACTCCGTC-7",6
"GAGTGACTTACGAC-2",2
"TACATAGAGGGACA-1",3
"GTAGTGACCCAATG-6",1
"GTAAGCACAGCATC-2",2
"ACCACAGAAAACAG-6",1
"GGCTACCTCAAAGA-6",1
"CAACGATGACCAAC-6",1
"CCCACATGCCTTTA-4",4
"CACTGAGAACCTCC-3",5
"GTTAGTCTGGTTAC-1",3
"CGAAGTACCTGTGA-4",4
"TGGAACTGTGGTCA-7",2
"AAGAACGAGGGAGT-3",5
"ATCTGTTGCGAACT-2",2
"GGACCCGAAAAGCA-6",1
"ATTCTGACAGCACT-6",1
"AGTTGTCTCTAGAC-6",1
"TACTACTGGTCTTT-1",3
"GATTGGTGACGCAT-6",1
"ATTAAGACATTCTC-3",5
"CATGCCACGGTAGG-7",6
"AGCCAATGGAATAG-4",4
"TAATCCACAACAGA-6",1
"AGCCGGTGGTCGTA-7",5
"TAAGGGCTTGTTTC-1",6
"AGTCACGATTGTGG-2",2
"CTTAGGGACAGCTA-1",3
"ATTGCTTGGCCCTT-1",2
"GTCTAACTTTCCAT-2",2
"TGACGAACTGGATC-6",1
"GTCATACTAACGGG-6",1
"TAACCGGAAGCATC-2",2
"GCCACGGAAACGAA-4",4
"GCTGATGAGTCGTA-2",2
"GGACGCTGCTCTCG-6",1
"GAGCAGGAGAACCT-3",5
"ACTGAGACGTACGT-7",5
"TGAGTCGATGAGAA-6",1
"CTACGGCTCTCTAT-7",6
"CAGCACCTCAAGCT-7",5
"CTTAGACTGCCAAT-3",5
"CCAAGAACAGTTCG-2",2
"GTAGGTACCATTTC-5",7
"GGAGAGACTCCCGT-6",1
"ATTCTTCTGGAAAT-6",1
"GGTCAAACTGTCGA-7",5
"ACTCCCGAGCAGAG-4",4
"GGTATCGACAATCG-3",5
"TTGAGGTGCTTATC-7",5
"TCAGACGAACCCAA-1",3
"GCTCACTGAGCATC-5",7
"ACAGACACTGGAAA-1",3
"ATACCACTAAGTGA-6",1
"GGGACCACCTAGCA-6",1
"ACGCCGGAGTAAAG-6",1
"CACGAAACACGGTT-1",3
"GAGGCCACCCTAAG-2",2
"AACCCAGAGTCGAT-6",1
"TGCGATGAGCCTTC-6",1
"GCATCAGACCGAAT-7",5
"ATTCTGACGGTAAA-7",5
"GGCCCAGAAAGGTA-1",3
"CCCAAAGAACTGGT-2",2
"ATTCCAACATCTTC-5",7
"CATACTACGTTCTT-1",3
"AGAGATGACACAAC-3",5
"TAGTCACTTTCTAC-6",1
"CACGATGAACCTCC-7",5
"TCGCAAGAGCTACA-7",5
"AACCGATGGCGAGA-1",3
"GCTTGAGACTCGAA-2",2
"AGCGGGCTGAGACG-1",3
"AAGATTACAGTACC-2",2
"AGAGGTCTTACAGC-2",3
"AATGGAGAGCAAGG-5",7
"TTCCCACTTGAGGG-7",5
"CCCAGTTGCAGAAA-2",2
"GTTGTACTGAATAG-7",5
"TTGAGGTGATCGAC-7",5
"ACCTCCGACCCTAC-6",1
"TATAGCCTTACGCA-6",1
"ACGGATTGGGTATC-7",5
"ACCTGGCTACTCAG-6",1
"CTGAATCTTTCTAC-6",1
"ACTCAGGATTTGCT-4",4
"AAACGCACGTACCA-4",4
"ACTGCCTGGTAAAG-7",5
"GCCAACCTTCCTAT-6",1
"TTTAGGCTTTCGGA-2",2
"CGAAGGGAAGTCTG-7",5
"AATCTAGAACACGT-6",1
"AGCACAACTCCTAT-7",6
"GGAATCTGATAAGG-4",4
"ATTGCTACGGCAAG-2",2
"ATTTCTCTTCTCCG-2",2
"TAGCCGCTCCTTCG-1",3
"GTCAATCTATCTCT-2",2
"AAGCGTACCTACTT-7",6
"GCTGATGACCTTCG-2",2
"TTAGTCACTTGCAG-2",2
"CGGGCATGACGCTA-1",2
"TGATTCTGTGGGAG-1",3
"ACTTGACTCATGGT-3",5
"TGCGATGAGTGTTG-1",2
"ATCATGCTTGACCA-2",2
"AAGAGATGGTTGGT-7",2
"AAATCATGCTAAGC-2",3
"CCACTGTGAAGCCT-4",4
"CAGCATGACAAGCT-1",3
"GAAAGCCTAGCGTT-6",1
"TGAGGTACGCTAAC-6",1
"ATTCGACTCTCTCG-1",3
"TCTCCACTAGGTTC-6",1
"GTGGAGGACCGATA-2",2
"CGCGATCTTGTCCC-7",5
"GTGTACGAGAAACA-7",6
"CACTCCGAGCAGTT-6",1
"GAAGATGAGATGAA-5",7
"GGATACTGCGACAT-6",1
"CGTCCAACCGATAC-4",4
"GGAGCCACGCATCA-6",1
"ACCCGTTGCTGCAA-6",1
"GCATTGGAATTCTC-6",1
"AAGACAGAAGTAGA-6",1
"AATTGATGGTTGCA-7",5
"TGATACCTCAGAGG-6",1
"GAAAGCCTTTGCAG-3",5
"CTATTGACCATGGT-6",1
"CAGACATGTAGCCA-7",6
"CACCACTGTTGGTG-4",4
"TAGCCGCTTGCGTA-6",1
"GCAGTTGATTGGTG-6",1
"AAAGACGATCAGGT-2",3
"CCAGGTCTGTGTCA-6",1
"TCGGTAGATGTTTC-6",1
"GTGCAAACTTTGCT-4",4
"TTTATCCTTAAGCC-5",7
"TTCATCGAACGTTG-6",1
"CACTGAGACTGCAA-6",1
"GCAGGGCTGGGATG-6",1
"TACTTGACGACAAA-2",2
"TACGTTACAGCTAC-6",1
"GACCAAACGCAAGG-2",2
"TAGGTGACAGTTCG-1",3
"CATCATACAGCAAA-6",1
"CCACGGGATTCGGA-4",4
"TGTTACACTCTCTA-2",2
"CTAATAGACCCTAC-7",5
"ATTTCTCTGATAAG-7",5
"AAATCCCTCATACG-1",3
"TATTGCTGGACTAC-6",1
"CGGACCGATGCAGT-3",5
"GCTTAACTTTCATC-7",5
"TGCTGAGACAAAGA-6",1
"CGACAAACGTAAAG-7",5
"TGTCAGGAGTCTGA-2",2
"ATCGGAACTGCCAA-3",5
"GTACTACTGACGTT-1",3
"TCGAGAACCGGGAA-2",2
"ACGCTGCTCCTACC-6",1
"TAAAGACTAGGGTG-7",6
"GAAAGCCTGCGTTA-4",4
"CGCACGGAGGTACT-6",1
"CACCGTTGGTTAGC-2",5
"CGAGCCGAGGTGGA-6",1
"ATCTTTCTGTCCTC-6",1
"GTATTAGAATCGAC-3",6
"AGATTCCTAGTCAC-3",5
"CTCATTGATGAACC-2",2
"CCACTGTGACAGTC-7",5
"GATCGAACTTTGCT-6",1
"TTCTCAGAGTGTCA-2",2
"GGTCAAACCATTCT-6",1
"CCCAAAGATTACTC-7",5
"TTGACACTAGTGTC-1",3
"TATCAGCTGCGAGA-6",1
"ACAAGAGAATGTGC-6",1
"TCTAAGCTTGGTGT-2",2
"TGACTGGAGTACCA-2",2
"CATAGTCTGTGCAT-2",2
"AAGATGGACATTCT-7",6
"TAAGAACTTGTCCC-2",2
"CTAGATCTGACGTT-4",4
"GGGCACACCCTGAA-6",1
"TGTAGGTGTACAGC-7",5
"TAACATGATCCAAG-6",1
"TGGGTATGGTCGAT-7",5
"GGTGATACATTCTC-1",3
"GAGTCAACGGTATC-4",4
"GCACGGTGGGTGTT-1",2
"CACAGATGTGGTCA-3",5
"ACGCCACTGGCGAA-4",4
"ACGCCACTTTTGTC-6",1
"GCATTGGAATGCTG-1",3
"CATTCCCTGCAGTT-6",1
"GTTATCTGCATGCA-6",1
"TATAGCCTAACGGG-1",3
"ACAAATTGCAAAGA-2",2
"GAGGCCACCGTTGA-6",1
"GTGATCGATTGGTG-6",1
"GTAGCCCTAGGTTC-2",2
"ATCGACGACCATGA-4",4
"AATTCCTGACCCAA-6",1
"TTTGACTGGGCATT-3",5
"TCAGCGCTGCGTAT-2",2
"CGTGCACTTGACAC-6",1
"TAAGTCCTTCCCGT-2",2
"ATCCGCACCCATAG-3",2
"GACAGGGAGGTTTG-6",1
"AACGGTTGCAGCTA-2",2
"AGGCAGGATGATGC-1",3
"GATACTCTAGAACA-1",3
"GGTATCGATAGTCG-7",6
"TCAAGTCTTTGGCA-7",5
"TAACTCACCGAATC-1",3
"GAATGCTGACAGTC-6",1
"AAGTAGGATGGAGG-2",2
"TTTGACTGCTTGTT-4",4
"CCTGAGCTTGCTCC-7",6
"GACAGTACCTTCTA-4",4
"AACCGCCTCGGAGA-4",4
"GAAGGGTGTGCACA-6",1
"CCTAAACTTGAGAA-3",5
"AGGTACTGAGGAGC-7",3
"CGGTCACTAGCTCA-6",1
"ATACCGGAGCCAAT-6",1
"TGTATCTGACTACG-3",5
"CGATACGATCTAGG-4",4
"CATTGTACACGGAG-6",1
"CCCGGAGACTTCGC-7",5
"TAGCCGCTTGGTGT-3",5
"GGTCTAGACAACCA-6",1
"GAGCATACCTCGCT-7",5
"TACCGGCTAACGGG-6",1
"CGTTATACAACGGG-6",1
"CAAGCTGATGCTCC-6",1
"TACGTTACTGCGTA-7",5
"CGATCAGAATTGGC-6",1
"AAGTGGCTGGGACA-2",2
"AACATTGACAGTCA-1",3
"AGTGTGACCGCCTT-6",1
"ACAGCAACGAGAGC-7",6
"ACGAGTACGCTCCT-1",3
"ATTACCTGCCCGTT-6",1
"AGCGATTGTCTAGG-6",1
"ATTATGGACCAAGT-2",2
"GTCCAAGAGTCGTA-3",5
"GAGGCAGATACGAC-6",1
"TACGTTACTTTCTG-7",6
"TGGCACCTATCGGT-2",2
"GGGATTACGATAAG-6",1
"AGCCACCTAGCGGA-6",1
"ATCTTGACGAGAGC-2",6
"TAGATCCTCATACG-6",1
"CACCGTACTGACCA-6",1
"GGAGGATGCACACA-7",5
"CTAGAGACGCAAGG-6",1
"CGGCGATGACAGCT-7",3
"CACTCTCTCGAATC-6",1
"ACCGTGCTCAATCG-4",4
"ATTATGGAAACAGA-1",3
"CAAGAAGAGAATGA-6",1
"ATTACCTGAGATCC-1",3
"TAGAGCACTTTCGT-3",5
"GCCGACGATACAGC-6",1
"CATGCCACTGGATC-1",3
"CACCGTTGCTGACA-6",1
"GCTGATGAAAGATG-6",1
"ATTCCATGTAAGCC-6",1
"ATACGGACCTAGAC-1",3
"TGAATAACCTAGTG-2",2
"AGTAAGGAGATAAG-6",1
"ACACATCTAGCCAT-2",2
"CCAGATGACTTAGG-6",1
"GGATGTACGGGACA-6",1
"GCAACCCTCTCCAC-7",6
"TACCGAGAAATCGC-4",4
"TCACCGTGCTCAGA-4",4
"ATTAGTGATGTTCT-6",1
"AGTTCTACCAACCA-6",1
"CGAGGCTGTGAAGA-7",6
"ATTGAATGTACAGC-2",2
"ACGGCGTGCCGATA-2",2
"ACTCCTCTCCAACA-2",2
"ACGCCTTGTACGAC-1",3
"ACTCCTCTCGAGTT-1",3
"TCTCCACTTTCGGA-6",1
"GTCTAACTCTTGGA-6",1
"TAAGCTCTCATCAG-2",2
"ACGACAACCTACCC-6",1
"TGCAATCTGGAGGT-6",1
"TATGGTCTCCTCGT-2",2
"CGCAGGACCGTTAG-6",1
"AGCGGCTGTCTCGC-7",2
"CAGTGTGAACACAC-6",1
"CTTAGGGAGGTTTG-7",2
"GTCTAACTGCGTTA-5",7
"GAGGTACTAAGATG-6",1
"AGTGAAGACGCATA-2",2
"GATGACACCGGGAA-6",1
"TAGGAGCTCTCAAG-7",5
"TGGATGACTTCAGG-1",3
"GCCCAACTACTACG-7",2
"CAGCGGACTCGTAG-4",4
"GCACAATGTCATTC-1",3
"GACGGCACGCTCCT-1",3
"GCCTCATGTATCTC-6",1
"TAGGTGACTCTCCG-2",2
"TGGACCCTGCGAAG-3",5
"TCACCCGAACCTAG-6",1
"GCACGGACTCCAGA-6",1
"CGACCACTACTCAG-1",3
"ACTTCTGATCCTTA-7",5
"GGATTTCTAACCGT-2",3
"TGACCGCTTGTTTC-6",1
"CAATATGATCGATG-7",5
"CGCACTACTATCTC-6",1
"ATTCCATGTGTGAC-7",5
"CATGTTTGATCACG-3",5
"ATCAACCTGCGAAG-1",3
"CAACTTTGACAGCT-1",3
"GCTGATGACGGAGA-7",6
"ACCAGCCTCTGATG-2",2
"TCACTATGTTCTCA-1",3
"GGAATGCTGTACGT-6",1
"CAAATTGAGGTTTG-2",2
"CCTAAGGATGTGCA-6",1
"CGTACAGAAGCAAA-1",3
"ATAACAACGGCGAA-6",1
"TACGAGTGAGATGA-6",1
"ACCCAAGAAGATCC-3",5
"GTGAACACGTTAGC-1",3
"AATACCCTCTTCTA-4",4
"AGAAACGAGTTGGT-2",2
"TGATAAACTCTCCG-3",5
"AAGCCATGGGGTGA-7",5
"CAGATCGACCTCAC-1",3
"CCACTGACGGACAG-7",6
"TATACAGAAACCGT-2",3
"GTTATGCTTTTCGT-1",3
"CTGATACTGAGAGC-6",1
"GAGTGTTGTTGACG-5",7
"TAGCGATGGGCATT-1",3
"ATCATGCTGACAGG-1",3
"ACCTGAGATGGCAT-1",3
"ATTCGACTGCTAAC-1",3
"ACGGAGGACACCAA-6",1
"CGCCGAGATGTGGT-2",2
"ACTCCCGAACCATG-2",2
"AGTATAACGTAAGA-5",7
"GGTACATGAGCATC-7",6
"ACCACAGACGAACT-1",3
"TACTTTCTCTCTAT-6",1
"GTCGCACTACCTGA-6",1
"CTTATCGAGCTAAC-6",1
"AACTCGGATCTTTG-1",2
"CGCCATTGTTCCAT-6",1
"GAGCATACCTCTAT-1",3
"ACATCACTTAACGC-6",1
"AGCGATTGCGACAT-4",4
"TAGATCCTAGTTCG-4",4
"ACCACAGATCTAGG-7",5
"AGTTGTCTGGGCAA-1",3
"AAGCGTACGTCAAC-1",2
"TTGGGAACACTAGC-2",2
"TTACAGCTCACTAG-2",2
"GGTTGAACGACTAC-1",3
"ACACCAGATCTAGG-2",2
"TCAACACTGGTCTA-1",2
"CAGCACCTGCATAC-6",1
"ATGCACGAAGTTCG-7",6
"AACAAACTGCAGAG-7",5
"ATATGAACTCACGA-7",6
"AGCGATTGGTACCA-6",1
"TAGAGCACACGCTA-5",7
"CCACTGTGATCAGC-1",3
"GAGTGTTGGTGTTG-7",5
"GATCTTACACGCAT-1",3
"GTCGAATGGATAAG-6",1
"TGGACCCTCCGATA-1",3
"AAGGCTTGAACGGG-6",1
"TTAGGTCTTAGCGT-6",1
"ATTCGGGAAGATGA-7",5
"ATAATCGAGGAAGC-1",3
"CGTCCATGCACTGA-7",6
"CGAGGGCTCCCACT-7",5
"TATCGTACCATGGT-4",4
"CCCATCGACATGAC-1",3
"TGACACGAAAGGTA-2",2
"ACTCGCACATAAGG-7",5
"TAGCCGCTAGAGGC-6",1
"TACGAGTGGTAAGA-2",2
"GCTTAACTCTCTAT-3",5
"TGCCAGCTGTCCTC-3",5
"GATCGTGAGGAAAT-2",2
"ATTTGCACTAAGGA-7",5
"CAGACATGCTCCCA-6",1
"GGACCTCTGTATGC-7",6
"TAGGTTCTGCGTAT-2",2
"AACCGATGGTTCTT-7",2
"TGACTTTGTGCGTA-7",5
"ACGTCAGAGAGACG-6",1
"GATGCAACCATGGT-6",1
"ATTGGTCTCCACAA-4",4
"AAGCGTACAGGTTC-2",2
"ATTTAGGAACGACT-6",1
"GGCCCAGACATTCT-7",2
"GTTAGGTGCAAGCT-7",5
"GCGATATGCGTAAC-6",1
"TGCACGCTACTGTG-7",6
"CAATTCTGTGAGCT-4",4
"ATATAGTGTATGGC-1",3
"GATAATACTCGTAG-7",5
"ATCTCAACAGAGTA-5",7
"GCCCATACGACGAG-6",1
"AAGAAGACCTGGTA-6",1
"CGTGATGAAATGCC-7",6
"GAGTGACTGGTGTT-2",2
"AATGATACTGGTCA-7",6
"GTGATCGATCACCC-7",5
"TATCAAGAGTCGTA-1",3
"TTGACACTCCTATT-7",5
"TGTATCTGTCAAGC-7",5
"AGACTCGACAAAGA-2",2
"AATAACACTTCCAT-6",1
"TTCTGATGCAACTG-6",1
"AATTCCTGTGCCTC-6",1
"CAAGACACATTGGC-1",3
"CCCTGATGGAAACA-7",2
"ACCGAAACAGGGTG-1",3
"GAGATCACACCTAG-1",3
"TCCTATGAACAGCT-6",1
"TCACAACTCTAGAC-1",2
"TAGGTGACTGGTCA-1",2
"ATATACGAGTGCTA-6",1
"ATTGGTCTCTGACA-2",2
"CAATATGAGGGCAA-6",1
"TGATACCTCTTGAG-6",1
"CCGACTACTTGTGG-2",5
"CAGGTTGATTACTC-2",2
"CAGGTTGAGATAAG-6",1
"ACCAGTGACCTCAC-7",5
"CCCAGTTGCGAGTT-6",1
"TTCGATTGAAACGA-5",7
"GTAGCCCTAGAAGT-6",1
"GATTTAGACGTTGA-6",1
"CAACGTGATACAGC-7",6
"CACGACCTCGAGTT-5",7
"GTCATACTTGCAGT-6",1
"AATTCCTGCAATCG-5",7
"ACTACGGAGAACTC-6",1
"TACTACTGGAAAGT-6",1
"ACAAAGGAGTAGGG-3",5
"CTCCACGAGTAGCT-6",1
"CAATTCACTTACTC-4",4
"GGCAATACGTAGGG-6",1
"CGCCATTGAACCGT-2",2
"TGCCCAACCGAGTT-6",1
"ATGATAACGACTAC-2",2
"AGGTCATGTGCTAG-3",5
"AGGCAGGAAGAGTA-7",6
"CCATTAACCTGCAA-7",6
"GCGGGACTCGTTGA-3",5
"GTTAAAACGGAGGT-2",2
"TAAGCGTGTAAGCC-2",2
"CTTGAGGACTGAAC-6",1
"GGATACTGTCAGGT-6",1
"CAGCTAGACTCCCA-3",5
"CGGTCACTACTCTT-6",1
"TACGGCCTGCGAGA-2",2
"TGTAAAACGGAGCA-6",1
"TTAGACCTTTTCAC-7",6
"TCAGTTACGTTCTT-7",6
"GTTATGCTAAGGCG-6",1
"AAGCACTGGGTCAT-2",2
"TGAGACACTCTATC-7",5
"GGCCACGATGTCAG-4",4
"GCTACAGAGTCGTA-6",1
"ACCAACGAGGTTCA-2",2
"ATTCAGCTTGAACC-6",1
"AAAGCCTGACGTGT-1",3
"CCTGACTGCCCTAC-6",1
"TCCAGAGATTCAGG-6",1
"TGAAGCACAGCATC-4",4
"TCGACCTGTTGAGC-6",1
"CAGAGGGAGCTTAG-3",5
"ACTTCTGACCTGAA-6",1
"GAACACACTTCGGA-7",5
"CGAAGTACCCGATA-6",1
"TAAGTAACCCCTCA-6",1
"TGATCGGACTGAGT-6",1
"TCGCCATGCGTTAG-6",1
"ATAAGTACTCCTGC-1",3
"GACGATTGTCCCAC-6",1
"TAACATGACCTCGT-2",2
"AAGTCCGAGTTAGC-1",3
"TCCACGTGCATTCT-3",5
"ATTGTAGACGAACT-7",6
"CGAGGGCTCCGATA-6",1
"ACTGCCTGCGACAT-6",1
"TGGCAATGCAATCG-7",5
"GTGTATCTCTCCCA-2",2
"AGAGTCTGGCAGAG-1",3
"CTTACTGAGCTTCC-6",1
"CAATAAACGGTTCA-6",1
"ACACGTGATTGGCA-1",3
"CGTACCTGGCCATA-3",5
"ACGCTGCTCTGAAC-6",1
"TGGTCAGATTGACG-7",6
"AGCAAGCTGTCTGA-2",6
"AACGCCCTTTCCCG-6",1
"ACGATGACAGCATC-3",5
"CTTTGATGAAGGTA-4",4
"CTTCACCTGTAAGA-6",1
"TCGATACTCCGAAT-6",1
"AAGTGCACCACAAC-6",1
"CGGATATGGCTATG-6",1
"AGATTAACTCGTGA-6",1
"GGCCAGACGTCGAT-6",1
"GTAGTCGATGCCCT-3",5
"TCATTGACGACACT-6",1
"TCTGATACGGAAGC-6",1
"GAGTCAACTGACCA-6",1
"TCCACGTGTCCCGT-3",5
"TAGGCAACTGTGGT-2",2
"CAGTGATGCAGATC-2",2
"GTCCAAGAACGTAC-7",6
"GAGGTTACGTACGT-6",1
"AGAGCTACACGGAG-3",5
"TAGACGTGGTTCAG-2",2
"GACGTAACACCACA-1",3
"GTGATCGAGAACCT-1",3
"ACAGTGACCCTCGT-2",2
"ACACAGACGACGGA-6",1
"GGCGACTGGTCACA-4",4
"TTACAGCTAGGCGA-2",5
"TTTAGGCTCCCAAA-1",3
"AACCCAGAGGCAAG-7",5
"GCACGTCTAGCACT-1",3
"AGCTTACTAACCTG-2",2
"CCGTAAGACTGAGT-7",5
"CACCACTGGAATCC-7",5
"GATCGAACTGGAGG-2",2
"GTACTACTGTAAAG-2",2
"ACGTCGCTCTTTAC-4",4
"GCGACTCTCCAACA-7",5
"GCGTAATGCTATTC-6",1
"ACGACAACGGCATT-6",1
"ACAGGTACTTGCAG-6",1
"CAGACATGCTGTCC-1",3
"CATTTCGATTGTCT-5",7
"GCAGGGCTACTAGC-4",4
"TAGGTGTGAGGTCT-6",1
"CATCATACATCAGC-6",1
"AGCGCTCTGGGTGA-1",3
"ACGTTGGACCACCT-7",2
"GACGTAACTAGCCA-4",4
"TTCCATGAGCTTCC-7",5
"TGGAAAGAAGTACC-6",1
"GCACGGACAGACTC-7",5
"ACAGTGTGGTAGGG-4",4
"CCCGAACTGCGTTA-6",1
"ATCAGGTGGGTCTA-6",1
"GTTTAAGAAGCCAT-2",2
"AACCGCCTTTCGCC-6",1
"AGTCTACTTTTGGG-2",2
"TCGAGAACTGCCTC-4",4
"AACAAACTCTGAAC-6",1
"ATTCGGGATCAAGC-1",3
"CAGATCGACAAAGA-6",1
"AATAGGGACTTGCC-6",1
"GATTCGGAGGCGAA-6",1
"GTCTGAGAAGTACC-1",3
"ACGATTCTCCTTGC-1",2
"TCCGAAGATTGCAG-6",1
"GAGGACGATCTACT-1",3
"GACAGGGATAAAGG-3",5
"CTAACACTATCGAC-2",2
"TATAAGTGAAGGGC-3",5
"GCACCACTCCTACC-3",5
"GAAAGATGAGATCC-7",2
"GTGTGATGAAGCAA-1",3
"CAAGACTGCCTCCA-7",5
"CGGTCACTTCATTC-6",1
"TGGACTGAATGCTG-1",3
"TCAGCAGACTGAGT-6",1
"CAGCTAGACACTTT-6",1
"TGCTAGGATGTAGC-2",2
"AGGTCTGAGGTCAT-6",1
"CATGAGACGCATCA-1",3
"AAGCCATGCTATTC-1",3
"GCACCTTGCTAGAC-4",4
"AACCCAGAACAGTC-7",6
"GTGCAAACACACGT-2",3
"ATTTAGGACTGAAC-6",1
"CTTGAGGAGCTGAT-6",1
"ATAGTTGAAGAGGC-5",7
"CATGGCCTTAGAAG-1",3
"GCCTGACTCGAGTT-3",5
"CATCATACTCTACT-1",3
"ACTGGCCTTGTCCC-7",5
"GAGCGGCTAACCTG-3",5
"TTCATCGAGCCTTC-6",1
"GATATTGATTGCGA-6",1
"CCAGTCTGTGTGCA-3",5
"GTGGAGGAGAAACA-6",1
"CTCAGGCTCATGCA-6",1
"TATCAAGAGTGCAT-2",2
"AATCCTTGACTGGT-4",4
"CTAACGGAAAAAGC-6",1
"TAGTAAACCTCGAA-2",2
"TACTCTGACATGCA-6",1
"AGGAGTCTCACTCC-2",2
"ATCCAGGAACCACA-7",2
"AGCGCCGATAGCCA-5",7
"TATCCAACAGTGCT-6",1
"TATGGGTGTACTCT-4",4
"CCATAGGAACCACA-1",3
"CGCCTAACCTGCAA-7",5
"CAGCCTTGGAGAGC-4",4
"CATTTGACATCTTC-1",3
"CATGTTTGTAAGCC-7",6
"CGAACATGATGACC-5",7
"AGAGCGGACGAGAG-7",6
"ATACGTCTTGACAC-6",1
"ATCCAGGATTGCAG-6",1
"GAGTACACTTGTCT-1",2
"AGAATTTGACCATG-5",7
"TGGAACTGCCGTAA-6",1
"CTGATTTGACCTGA-4",4
"CTGAATCTATAAGG-7",5
"AGTGTTCTACTCAG-7",6
"GAACTGTGAGAAGT-6",1
"GAATTAACACCACA-6",1
"CAATCTACTAAGCC-2",2
"GATAGCACTGACTG-6",1
"ATTAGTGAGTATCG-1",3
"ACTATCACATTCCT-7",6
"TAACTCACGTCATG-2",2
"CAGGTTGAACCAGT-2",2
"AAGATGGAATTTCC-6",1
"TGTAACCTTTCTAC-7",6
"TACATAGATATTCC-6",1
"TAAGTAACACGGAG-7",5
"CGATCCACCATCAG-6",1
"CAATGGACTCCAGA-6",1
"CTAGGCCTCCCACT-2",2
"CCCTCAGAACACGT-6",1
"CACGCTACTGTGCA-2",2
"CACGATGATAGCCA-7",5
"CAAGCATGCTCTCG-7",5
"TATTTCCTAGATCC-6",1
"ATACAATGCCATAG-6",1
"CAAGTCGATTGTGG-7",2
"GAGATAGAGTAGCT-7",6
"CCAGCGGAGTTCGA-6",1
"TAAATCGACATCAG-7",5
"GAGGCAGAGCATAC-2",2
"CAGATCGACTGTCC-2",2
"CTCCATCTAGTTCG-7",6
"AGAATACTTGATGC-1",3
"CTAGGATGTCAGGT-6",1
"GCGAGCACTGTAGC-7",5
"CCTTTAGATGTCGA-6",1
"GTCAATCTCTTGAG-7",2
"CACTCCGATTGGTG-1",3
"TCGATACTGTCAAC-2",2
"AAGGCTACAAAAGC-1",3
"GCGAGAGAGGGTGA-6",1
"TGACCAGACCAACA-6",1
"GACTTTACAGAATG-1",3
"TTCCCACTGTAAAG-2",2
"TCGCACTGTGTCCC-7",5
"AGGGCCACTTTCAC-5",7
"GGGAAGTGCTGCTC-6",1
"CACATACTTTACTC-4",4
"AAACATTGTGCCTC-1",2
"TAAGTCCTTCACCC-1",3
"AATACCCTTCTCCG-6",1
"AGATTCCTATTCGG-6",1
"AACGCATGCAACCA-4",4
"GGCGACACCTGGAT-1",3
"CCAGGTCTACCAGT-7",5
"GATGCATGACGTTG-4",4
"TCCCAGACGTCCTC-2",2
"CTATTGACCATTGG-2",6
"TATGTGCTAGTGTC-6",1
"AGTTCTACTGCTCC-4",4
"GTGATGACATGGTC-6",1
"TGTGAGTGGTTGCA-7",6
"CAGGAACTGGGACA-6",1
"GATAGAGAAGAGGC-6",1
"GAGTACTGGCGATT-3",2
"GCCTCATGGCGATT-6",1
"AAGGTGCTGACAGG-6",1
"TGTAACCTACGACT-3",5
"TGCGTAGAGGTACT-1",3
"TAGGTTCTCAGTTG-4",4
"GGAGGATGAGTCAC-1",3
"ACCAGTGAGGAGGT-3",5
"TAACACCTGCATAC-6",1
"CCACGGGAACCTGA-4",4
"TCACCGTGGCAGTT-7",6
"CAGGTTGATTCGTT-4",4
"TTTAGGCTCGTGTA-6",1
"ACTAAAACGTAAAG-6",1
"CACCGGGAAGTCTG-1",3
"GATTTAGATTGACG-2",2
"AGCTGAACGCCCTT-1",2
"ACTCAGGAAATGCC-6",1
"CAGGTTGATGAGGG-3",5
"ACACAGACTGTCGA-2",2
"GTTTAAGACCCTCA-7",6
"TGCAATCTCTGAAC-7",2
"GCGAGAGACCGTTC-7",5
"GACATTCTGCTTAG-1",3
"CACATACTCCCAAA-7",5
"TGTAATGAGCTATG-6",1
"CATCGGCTAAGGCG-6",1
"TGTTACTGTTTCGT-7",5
"CCTCGAACGGTTAC-2",2
"GGTTTACTCTGGAT-4",4
"AGGGCCTGGGTCAT-7",6
"AACGCCCTCTGCAA-7",5
"AGCGCTCTACAGTC-3",5
"GTCTAACTAAGGCG-3",5
"AACGTCGACACTGA-1",2
"AACTCACTTAAGCC-4",4
"CTATGTACCTGTGA-7",6
"CATGCCACCTGGAT-6",1
"CTTGTATGACGCTA-6",1
"ACACCAGAGTTAGC-1",3
"CCGTAAGAATGCCA-6",1
"ACTACGGAGGTGTT-6",1
"GGTATCGAGGTGTT-7",5
"GATAGAGATCGCTC-7",5
"CTAAACCTAAAGCA-6",1
"TGGAACTGGGTACT-1",3
"AAATTCGAACGGAG-4",4
"GTTAGTCTCGAGAG-2",2
"TCCTAAACAAGGGC-6",1
"ATCCTAACGTACAC-6",1
"ACGATGACTCTCTA-6",1
"TACTCAACCGACAT-5",7
"TGCATGGAAACCGT-7",6
"GATCGATGACACAC-6",1
"TCACTATGTGCTTT-6",1
"AGCCACCTCTACTT-6",1
"TGTAGTCTATCAGC-6",1
"AGTCAGACCGCAAT-6",1
"ATAGCCGATTTGGG-5",7
"ATGATATGTTACCT-6",1
"ACGTCAGACTCCCA-3",5
"ACCCAGCTTTATCC-6",1
"TAAGCGTGCATTGG-7",6
"ATACACCTGGACTT-7",6
"GCGTACCTACACTG-6",1
"AGGAATGATTAGGC-6",1
"CTTATCGACTCTTA-7",6
"GAGCATACCCTACC-6",1
"TGCTGAGAAGAAGT-7",5
"ATTCAGCTCTTAGG-6",1
"ATACGGACAGTGTC-3",5
"AACGCAACGATAGA-3",5
"AGCCACCTCTGAAC-4",4
"TTGGTACTATGGTC-1",3
"ACGAACACAGAGTA-6",1
"GGAATGCTATTTCC-4",4
"TGCTGAGACATTTC-6",1
"TTACGTACGCGGAA-7",5
"GATAGCACTCCTTA-7",5
"TAGAAACTCGTTGA-2",3
"ATTGCACTTGCCCT-4",4
"GTAGCAACTTTCGT-2",2
"AGACTCGAACCAAC-6",1
"TAGTTCACTTCGGA-1",3
"TTTCCAGATCTGGA-7",6
"CTAACTACAAGAAC-6",1
"CAATATGACTTACT-6",1
"ATCGCAGATCTCAT-2",2
"TTGCATTGAAGAAC-7",5
"AGCACAACCTGTAG-6",1
"GTAGCCCTTGTCTT-6",1
"GACGTCCTCGATAC-7",5
"TTATTCCTATCGGT-7",5
"ACTGTTACCTCGAA-4",4
"AAGTTCCTAGATCC-5",7
"GAGGCAGACTTCGC-2",2
"GCAAGACTCCCTCA-2",2
"CTCAGCTGACTCTT-6",1
"CCAATGGATAGCCA-7",5
"AAGGTCACCTCTTA-7",6
"TAGAATACAATCGC-6",1
"AGTCAGACGGTAAA-2",2
"CTATTGACCTACCC-6",1
"GGACAACTATAAGG-6",1
"AATTGTGAACCACA-6",1
"GGCACGTGGGCAAG-7",6
"TACAAATGTGCCAA-1",3
"AGATTCCTATGACC-6",1
"GGTACTGATTCTCA-2",2
"TGAGCTGACCCTTG-7",2
"TGACACGAGCTAAC-6",1
"AAACGGCTGTCTTT-2",2
"TTAACCACGCCAAT-2",2
"AGCGGCACGCAAGG-7",6
"CGAGCCGAAAGCCT-7",5
"CACGGGACTGGTTG-1",3
"CTATAAGAGTACCA-4",4
"AAACGGCTCCGTTC-6",1
"TTCTTACTTCCGAA-1",3
"AAGTGGCTGGTAGG-6",1
"ACAATTGACTCCCA-3",5
"GAGCGAGAAGTTCG-7",5
"TATAGATGCTCTAT-6",1
"ACGTTGGAGTAGCT-3",5
"CGAGGCTGTGTCCC-2",6
"AGGAACCTCACCAA-2",2
"ATCCAGGATACGCA-7",5
"GAGTAAGAATGCTG-7",5
"CTTTGATGCTAAGC-6",1
"GGGTAACTTTATCC-2",2
"ATTCGGGAAAACAG-6",1
"GTCCAGCTCATACG-6",1
"AGCATTCTGCAAGG-2",2
"AAGGTCTGATTCGG-2",2
"CTGAGCCTTCCTTA-4",4
"TAGGTTCTACGCAT-4",4
"GATGCCCTCTACTT-3",5
"TTGCTATGCTCTTA-7",5
"GACGCTCTACTGTG-1",3
"TAGTTAGAAATGCC-7",5
"CTGAACGATCGTTT-1",3
"GTATGGTGTGCATG-2",2
"GCTTGAGATCCCAC-6",1
"TCTAACACACGCTA-7",5
"TCATTCGATATTCC-7",2
"ATTAAGACCTGTAG-6",1
"CCCAGTTGTGCCAA-3",5
"AACTCACTCATACG-1",2
"GATCGTGATCGCCT-2",2
"CAAGGTTGGGGTGA-6",1
"CGCTACTGAAGAAC-6",1
"AACATATGACCCTC-7",5
"CGGTCACTCATGCA-7",6
"TCACCTCTTCCCGT-6",1
"TAAGGCTGAAGCAA-3",6
"TTATCCGATCGACA-1",3
"AAGCAAGAACTGTG-7",5
"GCAGGGCTAAAACG-2",2
"GGAACTTGTCCTCG-6",1
"GGTGATACGAAGGC-3",5
"GGACCGTGCGAATC-6",1
"CTAGAGACTTCCGC-2",2
"TCGGTAGAAATGCC-6",1
"AAACTTGAGCCTTC-6",1
"TTCCATGACCGCTT-6",1
"CATCTCCTTTTCGT-6",1
"AACAGAGAGAATGA-1",3
"CAAGCATGCATACG-1",3
"TACCGAGACGGGAA-7",6
"CAATAATGGGATCT-6",1
"ATCGTTTGCCTCAC-2",2
"TTATCCGACTAGAC-1",3
"GTTAACCTACCCAA-6",1
"ACAGACACTGCATG-4",4
"TTCCAAACAGGTCT-2",2
"TCCACGTGCACAAC-7",5
"TGCAAGTGCTACTT-1",3
"TGACACGAACCCTC-1",3
"CGAAGGGAAGAGTA-3",5
"ACGAACTGTACGCA-7",5
"TACGATCTTTCCGC-7",5
"CCTTTAGAGCAAGG-7",5
"GAGGTGGATTCGGA-7",5
"CGATCCACGGACAG-3",5
"GAGTGTTGCCGATA-7",5
"ACGCTCACGCTGAT-7",5
"GCCGACGAGTCACA-2",2
"TACATCACTCTCTA-4",4
"ATGTCGGAGAGACG-4",4
"AACTCACTTCCTAT-1",3
"GCCAACCTTTCTGT-1",2
"CCCAGACTGGGCAA-7",2
"ATGCCAGACTTGCC-2",2
"AAGTATACGAGACG-1",3
"AGGTTCGATCTTAC-6",1
"TTCACAACTCTACT-7",6
"GGTTGAACGTACAC-7",5
"GCAGGCACTAACCG-6",1
"ATCTGTTGGTCCTC-6",1
"GTTACGGAAGGGTG-1",3
"ATCGCAGACTGTGA-6",1
"GAGATAGAGAAAGT-2",2
"TATCAGCTATTCCT-6",1
"CCATCGTGTCGCAA-7",5
"AGTGTGACAGTTCG-6",1
"AGTTAAACGTCCTC-6",1
"AGCAAAGATGTCGA-5",7
"TAAGAACTCAACCA-7",5
"ATCTGTTGCCACCT-6",1
"ATTGTAGATGGAGG-2",2
"ACTCGAGATGTGGT-2",3
"TGCGATGACTCGCT-1",3
"ACAAAGGAGTGCAT-1",3
"TTGCTATGCTAGTG-6",1
"TGACTTACTGACCA-4",4
"GAAGAATGACTCTT-2",2
"TAGAATTGTCGCTC-3",5
"CGTTAACTAGGTCT-2",2
"GAAGAATGAAGATG-3",5
"ACCCAAGAATTCGG-4",4
"TTTCTACTGTTCTT-2",2
"TCGTAGGATCGTGA-2",2
"CTGCAGCTCGAACT-2",2
"TGTTACTGCCTCGT-7",2
"GTGCTAGACAGTTG-6",1
"TTCATCGAGGTAAA-4",4
"CTTAGGGAGTAGCT-4",4
"GGACGCTGCTATGG-2",6
"CTATGACTAGGTTC-1",3
"ACTGTTACGTCTAG-6",1
"AAATTCGATATGCG-3",5
"TATACGCTCGCAAT-4",4
"TGTGAGACTCACCC-3",5
"GGACTATGTCCTAT-6",1
"CTACCTCTATGCCA-1",2
"CTTGTATGTATTCC-6",1
"GTGCAAACGGAGTG-3",5
"CAGCATGAGACGTT-6",1
"CGTCCAACTCGTTT-5",7
"CTCTAATGGAGGAC-5",7
"ATAAACACCTGAAC-2",2
"CACTTAACCCGATA-7",5
"ACCCAAGACTTGCC-6",1
"GGCACTCTTGCGTA-6",1
"CCAGAAACTGGTTG-3",5
"GCAGCTCTTGAGGG-7",6
"ACTGCCACACTCAG-2",2
"AAGTAACTGGAACG-2",2
"GAGTTGTGCATTGG-2",2
"TGTGACGATTCTAC-7",5
"ATGGACACTGCGTA-6",1
"TGCAATCTATGTCG-1",3
"TGCTTAACGTCGTA-7",5
"CCGTAAGAACGTGT-1",3
"CTCGAAGAGAGCAG-7",2
"TTGTCATGGAGGGT-6",1
"TATCTTCTTCACCC-7",5
"GGCTAAACTTTCGT-7",6
"TAAATCGAGGTGAG-7",6
"CCCAGACTCGACAT-1",3
"AGCTGTGAAGTGCT-2",2
"AGTGACACTCTATC-1",3
"ATATGCCTGTATCG-3",5
"AGCATCGATACTGG-1",3
"ATGTTAGATCGCAA-6",1
"GAGATAGAACCGAT-7",6
"CAGAGGGATTCCAT-6",1
"CTTAACACATGGTC-3",5
"AAAGTTTGAGTGTC-6",1
"TGGACCCTCAGATC-6",1
"CAAATTGAGCGGAA-7",5
"GTTCAGGAGCGAAG-4",4
"AGTTCTACGCGTTA-3",5
"GAGCGCTGGGTCTA-5",7
"TGTCTAACTGAGAA-5",7
"CTCCATCTACCATG-3",5
"AGAGATGATGTCGA-4",4
"TGGACCCTGCTGTA-4",4
"CTCTAATGTGGGAG-6",1
"ATTGAATGTCGTGA-4",4
"TGCGAAACATAAGG-3",5
"AGAGCGGAGCTGTA-6",1
"GTTTAAGATGGTAC-7",6
"TCACTATGCACTGA-1",3
"GCTGATGATAACCG-7",5
"CGTGAAACGACGGA-1",3
"CGACCACTCCTGTC-6",1
"CAATATGACGCAAT-1",3
"AAACGCACCAGGAG-1",3
"TCCCTACTGGAAAT-6",1
"TGCCACTGCTCCCA-4",4
"CATAAAACGCTGTA-6",1
"CGGACCGAGGACAG-5",7
"CAAATATGCATTTC-1",3
"ACGTCCTGACGTTG-7",6
"AGCACTGACCTGAA-2",2
"GCCGTACTATCTCT-1",3
"CACTGCACACGACT-6",1
"CCTAGAGAATTGGC-2",2
"AGAGGTCTAGATCC-6",1
"AGCATCGAATTGGC-1",3
"TGACGAACGACAAA-3",5
"GTGATGACACAGTC-1",3
"AATGATACAACGAA-7",5
"GGTACAACGGACGA-5",7
"ATAATGACAGCAAA-5",7
"GTTCAGGACTTGCC-2",2
"GCCGGAACGTACGT-3",5
"GTCTAGGAATTTCC-6",1
"GTCTGAGACGTGTA-1",3
"ATCAACCTCGATAC-7",6
"TATAAGTGGCCCTT-6",1
"CATCGGCTAGACTC-5",7
"GTGTGATGGGCATT-3",5
"CTCCGAACCTCTCG-6",1
"ATGCGCCTGACGTT-1",3
"ATGTTCACTGACTG-2",2
"CACAGCCTTTTGGG-6",1
"GACAACACCCCTCA-6",1
"ATCCAGGAACAGCT-3",2
"AATTCCTGTGTCGA-7",6
"ACCACAGACTGAGT-6",1
"GTCTAGGACTCAAG-1",3
"GAGGTTTGCGTGTA-5",7
"GCACCACTATTTCC-7",5
"ACGAAGCTCGCAAT-1",3
"AATAACACGTATGC-6",1
"CGACTCTGGATGAA-7",6
"CGCGATCTGTGTTG-7",6
"TCCCTACTCACTAG-6",1
"GGAATGCTTCTCGC-6",1
"TGCAAGTGTTCGTT-4",4
"GGCTCACTTTCCGC-2",2
"CAGACCCTAAGGCG-4",4
"AGTATCCTCTGACA-4",4
"AATTCCTGTCGCTC-4",4
"ATACGGACCATTTC-4",4
"CGGATATGCAGTCA-6",1
"AGTACTCTTGTCCC-1",3
"GAAAGATGTAGCGT-6",1
"GTTACTACACCCAA-7",6
"AGTTTCACTGTCTT-3",5
"GGCATATGGTAGGG-6",1
"GACGTCCTTAAGGA-6",1
"GCGCGAACGTGAGG-2",2
"CGTGAATGTAAGCC-6",1
"ACTTCTGAGTCTGA-6",1
"GTGCCACTACCACA-3",5
"ACAATAACTTCTCA-5",7
"GATAGCACGAGGAC-5",7
"TCCCTACTAGACTC-7",5
"CTAGTTACACGGAG-6",1
"ATGGGTACAGTAGA-3",5
"CGGTCACTGAGCAG-4",4
"CATCGGCTCCCACT-7",6
"TAGTAATGGATAGA-7",6
"ATGTCGGACTTCTA-7",2
"GCGCACGAAGCTAC-2",5
"GGCCGATGCTTCGC-6",1
"TGGAACACACCACA-7",6
"GGACAACTTGTCCC-7",5
"CAACCAGACGACTA-7",6
"CAAACTCTCGTTAG-2",2
"TAGGCAACCCCTCA-2",2
"CATCTTGAGTGTTG-6",1
"TCCCATCTTAAGGA-2",2
"AAGTAACTTTCTGT-6",1
"AAACGCTGTTTGGG-3",5
"TCGACCTGCGGGAA-4",4
"ATCTGTTGGCTAAC-2",2
"GGAGGCCTTGTGCA-7",6
"AATTGATGGCTAAC-6",1
"AGGGACGACAACTG-6",1
"CCTGCAACTGCACA-6",1
"TAGGTTCTAACTGC-1",3
"AGATATACGCGATT-1",3
"ACATACCTTTGCGA-2",2
"ATTGAATGGCTGAT-4",4
"GGCTAATGCCTCCA-3",5
"GGAACACTGTCTTT-4",4
"CCCTAGTGCCGCTT-1",3
"ATCGCCTGCAGAGG-6",1
"AGACTCGAGTTCAG-7",5
"GGTCTAGATTAGGC-6",1
"CTGTAACTGTCATG-6",1
"AATTCCTGGATAAG-2",3
"CCTGACTGCTCCAC-3",5
"ATAGAACTGACTAC-2",2
"GGAAGGACACACAC-6",1
"GAGGTTTGCTGGTA-5",7
"TAACAATGGGTGTT-1",3
"AACCACGATACTGG-1",3
"CGGATATGCCTCAC-1",3
"GGAACTTGGGACGA-1",3
"ATCGGTGACTCGAA-4",4
"GGCCGAACCCTTGC-7",6
"CACTCCGACCTTAT-6",1
"TGTGACGAGAGGGT-6",1
"CCCTTACTGGTAAA-6",1
"TGATCACTGTAGCT-6",1
"ATTCAAGATATCTC-3",2
"TAAGTAACTGAGGG-4",4
"AGCACTGACGTACA-7",5
"GATATTGATAGTCG-1",3
"CCCAGACTGCGTAT-1",3
"ACCTCGTGGGTGAG-2",2
"AGACACTGTGCCAA-4",4
"CGAAGACTCGAACT-7",5
"CTAGATCTGTCGAT-6",1
"AGCACAACGACAAA-6",1
"TCGTAGGAATCGGT-7",3
"GCCGACGATGCTGA-6",1
"GAGGGATGCTCTAT-7",6
"GGACCCGAATGTGC-5",7
"GAGGGCCTGTTTGG-7",6
"ATAGGAGATACGCA-4",4
"ATGTCACTCGATAC-4",4
"TACTACACGTAGCT-7",6
"TACTAAGAGCTGAT-3",5
"ATATACGACTAGTG-6",1
"GCTGATGACACTTT-1",3
"TACCGCTGCTTACT-1",3
"TCCACGTGTTTGCT-4",4
"GAAAGTGAGACAGG-6",1
"AATAGGGACCTGAA-6",1
"GATGACACCATGGT-2",2
"AAACATACACTTTC-1",3
"TTACACACGTGCAT-2",2
"TGCACGCTGTACAC-3",5
"CAAGACACCTGTGA-4",4
"TGACACGACTTGAG-3",5
"TGCCCAACGCTACA-6",1
"AACGCATGGATAAG-1",2
"ATCTGACTGTTCTT-2",2
"CAAGGACTTTCGCC-6",1
"AGCGATACACACGT-2",6
"GGGTTAACCAGTTG-2",3
"ATAGTTGATGTAGC-6",1
"CAGACAACTCATTC-1",3
"GTCACCTGCATGAC-2",2
"GTTGGATGGGTACT-5",7
"GACACTGAAAGAGT-7",6
"ACCGCGGATATCGG-7",6
"CGCTACACCTTTAC-4",4
"GTCCACTGTTCTAC-6",1
"TGTACTTGAGCCAT-2",2
"ATTCCAACGTCTGA-6",1
"GATGACACTGTCAG-4",4
"CCACTGACAAGTGA-2",2
"TAGGAGCTGTAAAG-7",5
"TACCGGCTTCCCAC-1",3
"TGTGACGACTCTCG-1",3
"ATGCAGTGATGCTG-6",1
"TAGTTAGAATCGGT-4",4
"TCACCTCTAAGGTA-2",2
"TTTAGCTGCTCTCG-2",2
"TGCGATGAGTTAGC-7",6
"TCACTATGGCATAC-4",4
"ATTCAGCTGAGACG-2",2
"CTGTAACTCTGATG-6",1
"GAGGCAGATTGGCA-6",1
"GGACCGTGTCTCTA-1",2
"TGCGAAACCCGTTC-7",5
"AGCGAACTCAACCA-7",6
"TCTTACGACTGTTT-4",4
"ATTCTGACGAGAGC-4",4
"TCAGGATGCGAATC-6",1
"CGAAGTACACCAAC-4",4
"GGATGTTGAGTCTG-4",4
"GCACGGTGATCTTC-6",1
"TCATTCGACGCATA-1",3
"ACGAACTGGGTGAG-4",4
"AGCTGCCTGTGTCA-3",5
"CAGCTCACCTGCTC-2",3
"ATAAACACCAGTTG-6",1
"CAATAATGCAGTTG-7",5
"ATTGTAGAGGCATT-6",1
"TTTCTACTTCGTGA-3",5
"GTGTACGACCGTTC-6",1
"TCTAACTGAAAGTG-6",1
"CGACAAACGAAGGC-1",3
"CCATGCTGCTTTAC-6",1
"TAAATCGATGTAGC-6",1
"CATTGGGAACCATG-7",5
"CTTTCAGAATCGAC-3",5
"GTCAATCTGGCAAG-4",4
"TAGGTGTGGCGAGA-2",2
"CACTTAACGTTAGC-4",4
"GTGTGATGTCGACA-3",5
"AGAAAGTGAGTGTC-2",2
"GTGGAGGACTAGAC-7",5
"CGTACCACAAGCAA-6",1
"TAGATCCTTCCTAT-7",6
"GTCACAGACCTGTC-4",4
"CCAGCACTACAGTC-2",3
"ATTGTAGAAGGAGC-4",4
"CCCATCGACGTAGT-7",6
"ATGCCAGACGTTAG-6",1
"GGAGAGACTGTCCC-7",3
"CCAGGTCTAAGAGT-1",3
"CGCTACACCTTGCC-6",1
"GCCATGCTAACGAA-7",6
"GTAGTCGACCTATT-2",2
"AAATGTTGAGCGTT-2",2
"CATATAGATGTCGA-1",3
"CCTTCACTCGGGAA-4",4
"ATCACACTTAACGC-7",6
"TCAAGGACTGCTAG-1",3
"CATAGTCTTTACCT-6",1
"CCCAGACTTCACGA-3",5
"TGGCAATGTTGCTT-3",5
"TTGACACTGCTACA-7",5
"TAGAAACTGAATCC-6",1
"GTAATAACTCATTC-7",6
"GGCGCATGGCCATA-6",1
"GCAACCCTGCTGAT-4",4
"TTTCAGTGGAGATA-6",1
"TACGCGCTGAGAGC-3",5
"CATGCCACAAAGCA-6",1
"GACCCTACTCGTTT-6",1
"ACGCCTTGGACGAG-5",7
"TTTCAGTGTGTCTT-2",2
"CGACTCACTTCCGC-6",1
"CTAACACTTTCGTT-2",2
"AAGACAGACCTATT-7",6
"CATACTACGCTGAT-3",5
"ATTAAGACCCGCTT-2",2
"CACTGCTGGGTCAT-4",4
"TATGGTCTGTAGGG-3",5
"ATGCGATGTGGAAA-7",2
"AGATCGTGGAAAGT-7",2
"TCATCAACTGGGAG-2",2
"CTAAACCTAAAAGC-2",2
"GAGGTGGACGAGTT-6",1
"CGACGTCTGAGGAC-6",1
"GTAGCCCTTCTTTG-7",2
"AATAACACCCTCGT-6",1
"TATCCTGAGTGTAC-6",1
"CCGCGAGAAGTGTC-4",4
"CTATAGCTGACGGA-7",6
"CCACGGGATAACGC-6",1
"CGAACATGAGTCAC-6",1
"GTAGCTGACAGTTG-2",2
"CCGGTACTGTTACG-4",4
"TTAGGGTGACCCTC-3",5
"GCGATATGACGACT-1",3
"CCGAAAACGACAAA-6",1
"ACTTCTGAGAGAGC-2",2
"AAGTAACTCTAGTG-6",1
"ACACCCTGGGAGTG-2",2
"CTTCATGAATCAGC-6",1
"CCCACATGGGCATT-7",5
"GGACCCGAGTAAGA-2",2
"CCTGACTGCTGTAG-4",4
"GTCCAGCTTGGTTG-2",2
"TTAGTCACCGGAGA-6",1
"GCCAACCTGGTATC-7",5
"GGAGCAGATCCTCG-6",1
"TGGATGACTTTGTC-6",1
"CATTGTACATGGTC-1",3
"CTGAAGACCGATAC-6",1
"GGACAGGATTTGCT-2",2
"CGAACATGTCTTAC-2",2
"CATCGGCTCGTCTC-6",1
"CAGCGGACTCGCTC-6",1
"CTTGTATGGTTTCT-5",7
"GTGAGGGAAAAGTG-6",1
"AATTGTGAAATCGC-2",6
"GTTACTACCAGGAG-2",2
"AGAAGATGTGCAGT-6",1
"CGAATCGAGCTTAG-7",5
"AGACACTGAAGGCG-7",2
"CATAAATGCAGAAA-7",5
"ACTGAGACTGTCGA-6",1
"TATGGTCTTACGAC-1",3
"TCTACAACGTTAGC-1",3
"TTGTACACTTATCC-2",2
"GTCCACTGGAATCC-6",1
"CAACTTTGAGCATC-2",2
"TCGAGCCTTTTACC-6",1
"CTGACAGATGCCCT-5",7
"AGGCAGGAGTAGCT-6",1
"GTACGAACTTTGGG-6",1
"ATTCAGCTGTACGT-3",5
"ATAAACACTGACAC-6",1
"ACACATCTCGTTGA-2",3
"AGGATGCTAGTCGT-4",4
"AGGTCTGACCCTCA-5",7
"ATTAGTGATCCAGA-6",1
"ACGGTAACGGTGTT-2",2
"TCCCACGACCAAGT-1",2
"CATCTTGAGACGGA-1",2
"CTAAGGTGTGGAAA-1",3
"ACGCCACTCTACGA-6",1
"CTGAGCCTCACTGA-1",2
"CGAATCGATTCAGG-7",6
"CTACTCCTTCAGAC-1",3
"ACGAACACGCCCTT-4",4
"CTTACATGGCTATG-6",1
"TCAGACGAAGCATC-1",3
"CGCACTACAGCGTT-7",2
"TGCCACTGTGTAGC-6",1
"CAGTCAGAAAAGTG-2",2
"TTCCTAGAGCTTAG-7",5
"CTTGTATGAAGGCG-1",3
"CCGACTACTGAGCT-7",5
"GACGATTGTATGCG-1",2
"GGGACCACCGCAAT-1",3
"GGTATCGAGGCAAG-6",1
"AATCCTACGCAGTT-2",2
"CATCAACTTGTGGT-2",2
"ACGGTCCTAGCAAA-1",3
"AGGGTGGACAGGAG-1",2
"TCATTCGAATTCTC-5",7
"TTTAGGCTATGACC-6",1
"AGTTGTCTTGCCTC-7",5
"GTTTAAGAGGCGAA-6",1
"GCTCAAGAACACGT-4",4
"CATCAGGACTTCGC-6",1
"TGCTATACGAGCAG-1",3
"TACGACGACCATAG-3",5
"CAAGCCCTGTAGCT-6",1
"GCAGCGTGGTTGTG-6",1
"CCAGGTCTAGTAGA-2",2
"AATAACACCGTTGA-6",1
"GGACCTCTATTCGG-7",5
"ACATGGTGACGACT-3",5
"TTAACCACAGTCAC-2",2
"ACCAACGAAACCAC-2",2
"CCATGCTGCTTGCC-6",1
"ACCTCCGAGGATTC-1",3
"TTATCCGACTGTTT-1",3
"AACGCATGACGTTG-7",6
"CCAGATGAAGAGGC-6",1
"GTTCAACTCGAGTT-7",5
"CAGACCCTGATACC-6",1
"AGGATAGAATCACG-4",4
"CGGCGAACACGCAT-7",2
"GATAGCACGAGATA-7",6
"GCACTAGAATCGGT-6",1
"AACATTGACAAAGA-1",3
"AAGGTGCTGGAGCA-3",5
"CAAATTGACGCTAA-2",2
"ACCGCGGATAACCG-1",3
"ATCTTGACGGTCTA-6",1
"CAGCCTACCAAAGA-6",1
"CACAGAACACGTGT-6",1
"CACTGCTGTATGCG-2",2
"CACTTTGAGAACCT-6",1
"CTCAGCACCTCATT-7",6
"TGACACGAGAGACG-2",2
"GTGCTAGAGTACCA-7",6
"CTTAGACTGCTATG-4",4
"ATTGATGACAAAGA-4",4
"GAAGCTACCTATTC-6",1
"AGTGACTGCTGTGA-6",1
"GGGTTAACATAAGG-3",5
"GAGTACTGAGTGTC-6",1
"ACAATTGACCGTAA-1",3
"TAGTACCTCTGATG-2",2
"GTATCACTGAGCAG-6",1
"AGAGTGCTGAGGAC-6",1
"AGGGCCTGTTCGCC-7",5
"AATGGCTGGAACTC-1",3
"CGTACAGACGTTAG-6",1
"ACGTCAGACATTGG-7",5
"GTTATAGACTGGTA-7",6
"GCCCAGGAGTGAGG-6",1
"GTCAACGATACAGC-1",3
"TTAGCTACAATGCC-4",4
"GATCCCTGTGTGCA-7",5
"CTTTGATGGCCTTC-5",7
"TCGTTATGTGGTGT-3",5
"GTCGACCTGAGACG-4",4
"TAGTTGCTTGTAGC-6",1
"GTGGTAACCCTTAT-1",3
"CGGACCGATCCGTC-6",1
"AGCAAGCTACGCTA-4",4
"CACTGCTGCTGTGA-2",2
"CTAAGGTGACGTGT-6",1
"GGCCGATGACTCAG-7",6
"GCAGATACTGCAAC-6",1
"TGCCACTGCGTTAG-7",5
"TCTTGATGCCTTGC-6",1
"CGATACGAGGACTT-7",5
"CTCCGAACGACTAC-6",1
"TCACCGTGAGTCAC-7",6
"GGCGACTGCACTCC-2",2
"ACGTCAGAAACCGT-1",3
"ATGTTCACCTAAGC-7",5
"CGCATAGATATGCG-6",1
"AGTTTGCTGTTCTT-6",1
"TAAGAGGAGAAAGT-7",6
"CTGCGACTCAGCTA-1",3
"AATAGGGAGAACTC-4",4
"ACCCGTTGGAATCC-6",1
"TCCACTCTCTGTGA-5",7
"CACTGAGAGTTACG-6",1
"CCAAGAACGGGACA-6",1
"AACAATACCTTGGA-2",2
"CCTGAGCTAAAAGC-7",2
"CTCGCATGCTCTTA-5",7
"TGCCCAACCGGAGA-2",2
"CATGAGACCCTTCG-3",5
"CTGAGCCTGGTGAG-6",1
"CGCGATCTAGCATC-6",1
"CACTTATGGGCAAG-3",2
"TGTAAAACATTTCC-7",5
"CGGTACCTTTGCTT-3",5
"ATTCGGGATGGTAC-1",3
"GATAAGGAAGTCTG-3",5
"CGCTACTGGGAAGC-6",1
"TATCGACTGGTATC-1",2
"CTTACTGAACGGGA-5",7
"GATGCCCTAAGCCT-1",3
"GAAAGCCTCACTTT-6",1
"CAGGCCGATACTGG-1",3
"CTGATACTGTGTAC-1",3
"TATGTCTGTAAGCC-6",1
"TAGCCCACACCCTC-2",2
"AGGTGTTGTCTATC-7",5
"TATCGTACGATAGA-6",1
"AAACCGTGCCGTTC-6",1
"TAAGTCCTCGAACT-6",1
"AGATCGTGCGAGTT-3",5
"TTGATCTGTTCGTT-1",3
"ACGGAGGACGATAC-6",1
"GGAGCAGAGGTTTG-5",7
"CGAGGGCTAAAGTG-4",4
"GGACGCTGACCTAG-1",3
"TATACCACGGGTGA-7",5
"GTCTAGGATGCAAC-7",5
"CAGCACCTAAACGA-6",1
"TAGGGACTGGAGCA-1",3
"ACGTTGGACCACAA-1",5
"TGATCGGACTGATG-2",2
"CAAACTCTACCTCC-7",2
"AACCTTTGTTAGGC-2",2
"ATAACAACCATTCT-1",3
"CACTTTGAACCACA-6",1
"ACGTGCCTTTGCTT-2",2
"AGGACACTGACGTT-2",2
"CACCCATGACCTCC-7",6
"ATGAAACTTATGCG-7",5
"AGTAATTGTAGAAG-6",1
"ATTAACGAGGTAGG-2",2
"CCAGTCTGATCTTC-6",1
"TAGTACCTCAACCA-7",2
"TTCTCAGATCGACA-6",1
"CTATCAACAAGCAA-5",7
"CCACTTCTGTCTAG-2",2
"TATCGTACTACTTC-6",1
"AACGGTACCTAGCA-7",6
"ATACTCTGAGAGTA-1",3
"CTCAGCTGACCTTT-5",7
"CTAACACTTCCTGC-1",3
"AGGTGTTGACCTGA-4",4
"GATTGGTGCCCTAC-1",3
"TCTACAACCACTTT-2",6
"ATCCCGTGTCAGGT-2",6
"CCTGACTGGTACAC-5",7
"ACGCACCTCTTGCC-7",5
"AGTCTTACCAGAAA-3",5
"CTAAGGTGATGTCG-6",1
"AGGTGTTGTTCATC-7",6
"CGGCCAGACGTTAG-7",6
"CTAATGCTGGTGTT-2",2
"GTAATAACCGCCTT-7",5
"GACCCTACGGGCAA-6",1
"GCATCAGAACTACG-2",2
"GTATTCACAAGCAA-6",1
"ATGATAACAGGGTG-3",5
"TAGCATCTTGCACA-1",3
"CAACAGACGTAAAG-7",5
"GAATGGCTTTAGGC-1",3
"TGATTAGATCTTTG-5",7
"ATGCCAGAACCCTC-5",7
"GTGGATTGATTGGC-5",7
"CAAGCATGGTAGCT-2",2
"GTGTAGTGTTTGCT-7",6
"ACACGATGTAGCCA-6",1
"CATGTACTGTTGCA-7",5
"ATAGTTGAGTTACG-4",4
"TGCTATACCCTCAC-3",5
"CCACTTCTAGAGGC-3",2
"GAGCATACTGGTGT-6",1
"GTCTGAGATTTCAC-6",1
"CGTGCACTGCGGAA-1",3
"TAGCGATGGTGTAC-6",1
"AATACCCTAGCACT-2",2
"AATACTGATGGTGT-2",2
"CTATGTACGGAGGT-6",1
"TCTCAAACCCTGTC-7",5
"CAGGTTGATCCAGA-7",5
"GGAGCCACATCGAC-1",3
"CATGGATGGCAAGG-6",1
"GATTACCTAACCAC-2",6
"GGAATGCTCAGTTG-3",5
"CGCATAGACCAGTA-1",3
"GCAATTCTACCCTC-2",2
"GCACGTCTACACCA-7",6
"AGCCTCACGAGGTG-7",5
"AGCGAACTCCAAGT-4",4
"TAAACAACCTCGCT-6",1
"TGTAGTCTTGGAAA-1",3
"ACACGAACTGCCAA-3",5
"ACCCTCGAGGTACT-1",2
"AACTCGGAGAAGGC-3",5
"CACTAACTGTGCAT-1",3
"CAAATTGATGGAAA-2",2
"CTTAGGGAAACGAA-7",6
"CTTTCAGAATTGGC-3",5
"CGGGCATGACGGAG-7",2
"ACATTCTGGTAAGA-2",2
"GTAATAACCGACTA-2",5
"CGTTAGGAGTCGTA-2",2
"AACCTTTGCCTCCA-2",3
"AGGGTTTGCGTAAC-2",2
"ACCACGCTTGGGAG-6",1
"GCCACGGATGCCCT-2",5
"TGTGGATGAGGTTC-1",3
"TACGTACTGTCGAT-5",7
"GCCTCAACCCCAAA-7",5
"ACAACCGAACGTAC-4",4
"TTCAAAGAAACCAC-7",6
"TATGTCACTGCGTA-4",4
"CGCTCATGTGAGAA-2",3
"GGCTACCTGCTGTA-6",1
"GGAGCAGATGGTGT-6",1
"TGAACCGATGACTG-1",3
"CAGGAACTGTTACG-6",1
"ACTTCCCTACCTCC-6",1
"GAAGATGATGTAGC-4",4
"ATCATGCTTGTTTC-7",2
"CACGAAACGGTTAC-2",2
"CTTAGGGAACGTAC-2",2
"CCGACTACTTCCAT-2",2
"AGTTGTCTGTAAGA-1",3
"GTGCAAACTGGCAT-2",2
"CTGCAGCTGGATCT-6",1
"CGACTGCTATGTCG-6",1
"AGATTCCTGAGGAC-6",1
"ATAACATGGGGCAA-2",2
"TTTCGAACCTTTAC-7",5
"ACAGTTCTGGCATT-3",5
"GAGGGAACTGAGAA-7",5
"GTTCAACTAGGGTG-6",1
"CCCTGAACACGTTG-5",7
"AGAGAATGGGCGAA-6",1
"ACACCAGACACAAC-6",1
"GATATTGAGTACCA-1",3
"AGATATACTACTCT-1",3
"GGAGTTACAGCCTA-4",4
"ACTCCCGACTACGA-6",1
"TCGGCACTACAGCT-4",4
"AGGAACCTTGGAAA-7",5
"ATGTCGGAACAGCT-7",5
"CCCAAAGACTAAGC-2",2
"GTAAGCACACTCAG-6",1
"TAATCCACACCTAG-5",7
"GGAACTTGCATCAG-7",6
"TCGATACTGTTGCA-3",5
"GATATCCTCCTAAG-2",2
"TGAAGCTGCGAACT-5",7
"CTATCCCTGGAACG-4",4
"TAACTAGATAGCGT-2",2
"CGATACGATCTCGC-7",6
"GAGTACTGAGCCTA-2",2
"AACGCAACCCAATG-4",4
"ACTTAAGAGCGTAT-2",2
"CGACAAACCGCCTT-7",5
"TGGCACCTTTAGGC-6",1
"ACTCCTCTGGTACT-7",6
"CGCAGGACCTGAGT-6",1
"AGAGCTACCGGAGA-6",1
"TTCTTACTAGTCTG-1",3
"TAGGCTGAAGCTAC-1",2
"AGCAACACCAATCG-2",2
"TATAGCCTACTGTG-1",3
"TCACTATGAGCCTA-1",6
"ATGTTAGAGCGAAG-4",4
"TTAGCTACGGTAAA-1",3
"TATCCAACTCGTGA-7",5
"ATACCACTCGTAAC-6",1
"GAGAAATGAAGGTA-6",1
"ACGTCGCTGAATGA-1",3
"ACATTCTGTGCGTA-4",4
"TCCCGATGAAAAGC-4",4
"TTGAACCTCCGTAA-7",5
"GATTCGGACTGCTC-1",2
"ACGCTGCTCACCAA-2",2
"TGTCAGGAGTTGGT-2",2
"CCTTCACTAAAGCA-7",6
"AGACACTGCCATAG-2",2
"CGCGAGACGTCTAG-4",4
"GGACGCACGAGGGT-6",1
"GTCCACACAACGAA-2",2
"CGCTCATGCCCTTG-1",3
"GCTCGACTATTTCC-1",2
"CCTTTAGATGCTAG-7",5
"CGATAGACCAGAAA-1",3
"CACACCTGCTTGTT-4",4
"CTATAGCTCTGGAT-7",5
"CGTACCTGTGCGTA-3",2
"AACATATGTGAAGA-3",5
"ATTCAGCTTGTTCT-7",2
"GATATAACAAGGTA-3",2
"TAAGTAACACCAAC-6",1
"GACTTTACGTGAGG-2",2
"ACTTCCCTGAGCAG-2",2
"TCCAGAGAGGACAG-3",5
"AGCTTACTAATGCC-6",1
"GTTAAAACGTTCAG-5",7
"TTATGAGACCTATT-7",5
"AGAATGGAACTGTG-6",1
"TTCAGTTGCTTGTT-6",1
"AGCGCTCTAGCCAT-1",3
"CGCAGGTGGCTATG-1",3
"GGATTTCTTTGTGG-2",2
"GACGCTCTGAGATA-3",5
"TTTCGAACTCCCGT-3",5
"TGGTTACTTCGTAG-4",4
"TAGAAACTCGTGAT-2",2
"CTGGAAACCAGTCA-2",2
"GTTCAGGATTGCTT-2",2
"GTTATAGATTCTAC-7",2
"GAGTTGTGAGAACA-4",4
"ACTCTCCTCCTGAA-6",1
"ACTTGTACTCATTC-6",1
"AACTTGCTCCTACC-6",1
"ATTCCAACTCAAGC-6",1
"TCCGAAGATCAGAC-6",1
"GGACGCTGAAGGTA-7",6
"AATACTGATTTCGT-3",5
"GCAGCCGAGAGCAG-6",1
"ACACCCTGGTCTTT-1",3
"TGTTAAGAGCTTCC-7",5
"TACACACTCCGTTC-2",2
"GATATTGACATTTC-4",4
"TCAGTACTCAGCTA-2",2
"CTTCACCTTTGCTT-1",2
"CGTACAGATCTACT-6",1
"CGAAGACTGAAACA-1",3
"ACGTTTACTGCTTT-5",7
"TATAGCCTGTCACA-1",2
"GAGTACACGGGAGT-6",1
"TCGAGCCTGGCATT-4",4
"CGTTAGGATCACCC-2",2
"ACGTCAGAGATACC-1",3
"ACATTCTGGGAGCA-7",2
"CCAGTGCTTTGGCA-6",1
"CCCTCAGAGGTTAC-7",5
"TGGTACGATCTCAT-2",2
"GAGAGGTGGCGTTA-2",2
"GCCCAGGACCGTAA-6",1
"TAGGTTCTTGGTGT-6",1
"GTCGAATGTCGACA-6",1
"TCGCCATGGAATCC-2",2
"TCTCTAGAGTTCAG-6",1
"AATACTGAGTTCGA-7",5
"CACCTGACAACGAA-1",2
"CACTTTGACGAACT-2",2
"CAGCGGACCTACTT-2",2
"TATAGCCTTGTCCC-2",2
"AGACTGACAAACGA-1",3
"CTAAGGTGTTTGGG-6",1
"CCCTGAACCAACTG-6",1
"TCCTACCTTGGAGG-2",3
"GTTGACGATCGCAA-3",5
"ACGAACACCGCCTT-1",3
"TAGTAAACAAGAAC-4",4
"CTTTGATGGGTCTA-7",5
"GTAGTGACTGAACC-6",1
"TAGGTCGACGTAGT-6",1
"TGTGATCTCGTCTC-2",2
"AATCCGGATACTGG-1",3
"GTCCCATGGAACTC-6",1
"TACAAATGTCAGAC-2",2
"ATTAAGACCGAATC-6",1
"AAGATTACGGGCAA-2",2
"ACGCTCACCGCATA-7",6
"TAACTAGAGCCAAT-6",1
"ACGGAGGAAACCTG-7",2
"TCATGTACTAGTCG-4",4
"GTGCTAGATTCACT-2",2
"ATTGAAACTCTACT-1",3
"GTAGCCCTCTCATT-1",3
"ATGGTGACCTCGCT-2",2
"GCCCAACTCCGTAA-2",2
"AAGAGATGCCATGA-1",3
"CAGCATGATGCGTA-6",1
"GCACGTCTACACTG-3",5
"CGAAGGGACAGAGG-1",3
"AACGGTTGCTTATC-6",1
"GAGGTACTTTCGCC-6",1
"TGATAAACAAGATG-3",5
"GTTCAGGATTTACC-6",1
"GAGCTCCTCTACGA-7",5
"TGATACCTTACGAC-2",2
"TGGTAGACCTGGTA-2",2
"CAAGCCCTTGAGGG-2",2
"GAGGCCACATTGGC-7",5
"TCCCGAACCTCGCT-6",1
"ATACCTACTCGCAA-2",2
"GGAGCGCTATGCTG-1",3
"GCGTAATGAGTCTG-7",5
"GCCCAACTATCGAC-7",6
"TGATCACTCGTACA-2",2
"CACCTGACGTCGTA-3",5
"AAATCTGACCACAA-7",5
"ACACGATGGACGTT-1",3
"ACGATGACGAAACA-5",7
"ACTATCACAACGGG-3",5
"CCTAAACTGTTCTT-3",5
"GATATCCTCCGCTT-6",1
"TGTTAAGAGTAGCT-5",7
"TATCTGACTGTGGT-2",2
"ATACCACTCCTACC-7",6
"ATTTGCACACTTTC-6",1
"TAAGTAACGTATCG-7",5
"AGCACAACCTACGA-6",1
"GCCAACCTGGACTT-6",1
"CTTAGGGAGAAGGC-6",1
"CGTACCTGACTCAG-4",4
"TGATCGGAATTCCT-6",1
"GAACCTGACGCTAA-4",4
"GGGTTAACAAACAG-7",6
"CACCCATGCACAAC-6",1
"AACGGTACAAGGCG-5",7
"CGATAGACTCCCAC-6",1
"CACGCTACACCTGA-6",1
"CAAATTGAAGAACA-5",7
"ATGCTTTGCGCCTT-2",2
"TGACTGGAATGCCA-4",4
"GATCGAACCATGAC-1",3
"CCCGATTGTGGCAT-7",2
"AGTCAGACACCCAA-6",1
"GAAGAATGTTTCAC-6",1
"CTGAGCCTAAGCCT-7",6
"TGCTATACGGTTAC-5",7
"TGCGCACTCCTTGC-1",3
"CGTCGACTTCGCCT-2",2
"AACCTACTGGAACG-7",6
"GTACTACTGAACTC-1",3
"TGAACCGACTTGTT-6",1
"CAACAGACTGGATC-6",1
"AGATCTCTCTCCAC-1",3
"AATATCGACTCGCT-6",1
"GTCTGAGACCTCGT-6",1
"AGTACGTGCAGATC-7",5
"AAACATTGTTGCGA-1",3
"CTATCATGACGGAG-7",5
"CCACCATGGTCACA-3",5
"GGTGATACCTGACA-6",1
"CTATGACTCCCACT-1",3
"GTATGGTGGCGATT-1",3
"CTGGCACTATGCTG-4",4
"TACGATCTGACGAG-6",1
"CCGAAAACGTCACA-7",2
"TGAACCGAATTTCC-7",5
"GTTGAGTGAGTCGT-2",2
"GGAGTTACGCAGAG-7",6
"ATAAGTTGGTTAGC-6",1
"TGTAATGATCAAGC-2",2
"TTCGGAGATGGTGT-4",4
"CGAAGTACTAACCG-2",2
"CACATGGAACGGGA-1",3
"ACGGTCCTCGAGTT-2",2
"TAACAATGCGTAAC-7",5
"CAGCCTACGTCTGA-4",4
"GCGAGCACGCGGAA-7",5
"TGCGTAGATTTACC-1",3
"ACCCAAGATCAGGT-6",1
"GTGAACACTAGAAG-2",2
"ATTGGTCTAGTCAC-7",6
"TACCGAGAAGCACT-6",1
"TGATCGGAGAAAGT-4",4
"ACACGAACACGGTT-1",2
"CGCCATACGAATCC-6",1
"CTTGAACTTTTCAC-6",1
"CGTACAGACACCAA-7",5
"GGGCCATGTCCAAG-7",2
"AGTGACACAACGGG-5",7
"GTGTGATGAGCATC-6",1
"AGTTATGATGTGCA-3",5
"ACTACTACTAACCG-2",2
"GACGTAACGGAACG-1",3
"CAATATGAGAATGA-6",1
"TGATTAGAGCTTCC-6",1
"ATACGGACAGACTC-6",1
"TATAGATGAGGTCT-5",7
"GCGTAATGTGAACC-1",3
"CTCTAAACTTGCAG-4",4
"AACTCGGATCTCAT-6",1
"CCAAGTGAACACTG-1",3
"AAGTAGGACCATAG-3",5
"AGCATGACTAGACC-6",1
"CCTTTAGATTCATC-4",4
"GAAGGGTGTGCACA-1",3
"GCCAACCTTCTCAT-6",1
"CCAGTCACAACCGT-7",6
"AGATTCCTGGTGTT-3",5
"GGTTTACTGCTATG-7",5
"TAAATCGAGTTAGC-7",6
"AGTAGGCTACTAGC-7",5
"GATACTCTTCAGGT-2",2
"CGCAGGTGCAGATC-1",3
"CAAGCATGCAGGAG-6",1
"TTTCTACTGTCGAT-7",5
"TCACGAGACGGTAT-6",1
"TCTTGATGATCACG-6",1
"CTATACTGAAACAG-6",1
"AATTACGAAGGAGC-2",2
"TAAATCGAGCGTTA-1",3
"TAAGGCTGGCGAAG-6",1
"CCGGAGTGGGTATC-3",5
"TTACAGCTTTGGCA-3",5
"TGGAGACTGTACCA-6",1
"ATGCCAGAATCAGC-7",6
"TCAGACGATGGTCA-6",1
"CAGCCTACGTCGAT-6",1
"CAAGCATGTTCATC-7",2
"TGACACGAGTTACG-4",4
"TGACTTACCGCATA-2",2
"CGCCATTGGGTATC-6",1
"AACCCAGAATCACG-6",1
"CCAGCTACGATAGA-7",5
"AGTCTTACAGAGGC-6",1
"TGATATGATTGTCT-6",1
"AAACATTGGAGAGC-7",5
"CACATACTCCAAGT-6",1
"GATGCAACCTTCGC-7",5
"CCGTAAGAGTTGGT-6",1
"AAATTGACCTACTT-2",2
"ACTGTTACCAGGAG-2",2
"TTAGTCTGAAACAG-1",3
"GAGGATCTCGGTAT-3",5
"CATTTCGAGAAGGC-6",1
"CGCTCATGCTCATT-2",2
"AGCGATTGACGGAG-6",1
"GCTATACTCGGAGA-7",5
"AAAGATCTCATGGT-1",3
"AGGACACTACACGT-2",6
"GTCAATCTGAGACG-1",3
"GAAGGGTGACGTAC-7",5
"TATCTGACACTTTC-7",6
"CCAAGAACTCAGAC-4",4
"TAGAATACCAAAGA-6",1
"AGGACACTAGAGAT-4",4
"CGTACCACTTGGCA-6",1
"AGTGACACTACAGC-6",1
"TATCTGACGGAACG-6",1
"AAACGGCTAGTAGA-1",3
"CTTGTATGGCATAC-2",2
"TGCCCAACCGTTGA-6",1
"GCACGGACGAACTC-6",1
"TACTTGACGGGAGT-2",2
"AGGGACGATGCTCC-6",1
"TCTACAACCATACG-6",1
"CGTTTAACACGGTT-6",1
"CCAGCGGATCCTCG-3",5
"CGAGATTGTACGAC-7",5
"GAGCGCACAAGAGT-2",2
"CGAAGTACCCTCGT-2",2
"GTAATAACCACAAC-6",1
"CGGGACTGTAAAGG-2",2
"TAGGTTCTCTGAGT-6",1
"CTTACTGAACACGT-7",6
"CGGACCGAAGTGCT-6",1
"CTACGGCTGGGAGT-7",5
"AAGAATCTTTGCAG-7",6
"GAGCATACTCTCAT-4",4
"TAGGTGTGTTTGCT-6",1
"ACTTCTGAGGTACT-2",2
"TATCACTGACTCAG-2",2
"AGTTCTACTTCTGT-6",1
"GAGCGGCTCTACGA-1",3
"AACCACGACGAGTT-4",4
"CAGGTTGATTCGTT-7",5
"AAATCAACCATTGG-6",1
"CAATCGGAGGGCAA-2",2
"CTAGAGACGGTTCA-1",2
"GTCGAATGAAGTAG-7",5
"ACAACCGAAAGCAA-6",1
"GGCCGATGAGTAGA-1",3
"GGCCACGACCCACT-6",1
"GCGAGAGACCTCGT-4",4
"CATACTTGGTTTCT-6",1
"ACGGTCCTATCGAC-3",5
"ATGGACACCAGGAG-6",1
"ACGTCAGAATGTCG-7",6
"CAATCGGAGTTTGG-3",5
"GTCATACTGTATCG-4",4
"GGGAAGACAGTCGT-2",2
"TGGTAGACCATTGG-7",6
"CGAATCGAGTACCA-3",5
"ATAACCCTCTCTCG-7",5
"GAACGTTGTCCCGT-6",1
"CCTAAACTGCTCCT-4",4
"CACTCTCTCTGTTT-6",1
"GACAACTGTCTCAT-7",6
"ATACCGGACTATGG-6",1
"TCGTTATGACCAAC-4",4
"ACAGACACAACGGG-1",3
"AGCTGAACACACGT-7",6
"GTGGATTGCAATCG-6",1
"TGAGGTACTAACGC-4",4
"CAACTTTGAACCAC-6",1
"AGAGGTCTCTTTAC-5",7
"AGGACTTGTCGATG-3",5
"CGTGAAACCACTCC-6",1
"TCAGCGCTATTCGG-1",3
"GCCTGACTAGCCTA-5",7
"CTTATCGAACGACT-7",6
"TATAGATGTGAGCT-5",7
"ATAACATGATGGTC-6",1
"CAATTCACGATAGA-1",3
"CAAGCTGAATGGTC-5",7
"GCCTAGCTTGAGCT-6",1
"ACCTCCGAAGAACA-6",1
"CGGAGGCTGAATGA-7",5
"AGCTGTGATTGTGG-3",5
"GGCTAAACATTTCC-6",1
"TTAGGGTGTGTTCT-2",2
"TTGCTATGCCAACA-3",5
"AATCCGGACTTAGG-2",2
"CAAACTCTTCCAAG-6",1
"CGACTGCTAGTAGA-6",1
"AGCTTACTCTATGG-2",2
"CTGACCACGTACCA-6",1
"AGGTGTTGGCTTCC-6",1
"TAAGATACAGAGAT-2",2
"ACCATTTGTGGTGT-7",5
"ATCCAGGATAACCG-6",1
"AGTGTGACGGTGGA-2",2
"GGCCGAACGTTCTT-4",4
"CTATCATGGGTTCA-6",1
"TTCATTCTCTAGTG-5",7
"GACTTTACCGCATA-1",3
"AGAGAAACAACAGA-1",3
"GATAAGGAGTACAC-6",1
"GAGGGCCTCGCATA-4",4
"AAGATTACCCCTCA-7",5
"CTGGAAACCATACG-6",1
"AATGTTGAGCGAGA-3",5
"CAAAGCTGACGGAG-1",3
"ACAGGTACAAACAG-7",5
"ATTATGGAGCATCA-1",3
"CGTGCACTTGAGGG-1",3
"GGTCAAACCCAATG-1",2
"TCAAGTCTGGCAAG-6",1
"GCACACCTTTGCAG-6",1
"CTGACCACACCTTT-7",5
"AGCTTACTGTGTTG-3",5
"TGACCGCTATGCTG-4",4
"AGTAGAGAATTGGC-6",1
"GTTGACGATGCTCC-4",4
"CTTTACGACTATGG-6",1
"TGCCGACTCTTGAG-2",2
"GCAAGACTTGGGAG-1",3
"GGACATTGACTTTC-2",2
"TACTACACTGTCCC-1",3
"ATAGTCCTCGTCTC-2",2
"TCCCGATGCCGATA-6",1
"ACCTTTGATGGTCA-4",4
"TACAAATGACGGTT-7",2
"TGAACCGAGGCATT-4",4
"ATCACACTGTCCTC-1",2
"CATCTTGAACTTTC-2",6
"TAGGAGCTTTCCGC-2",2
"TAGCCCTGACTACG-7",2
"AATATCGAAAAGTG-1",3
"CTCAGAGAACAGTC-7",5
"TAGTCTTGCTCTTA-7",5
"GCAACCCTGTTCAG-6",1
"AACGGTTGCCGATA-3",5
"ACCCTCGACGTAGT-4",4
"AGCGATTGTCATTC-6",1
"TCATTCGAGCGAGA-3",5
"GACGAGGAGCATAC-6",1
"TCAAGGTGGTAGGG-4",4
"ACGTTTACAAAACG-1",3
"TATCCTGAATCGAC-6",1
"GCACACCTTGGAGG-6",1
"CACTCCGACCCGTT-7",3
"AGCTCGCTTCCGAA-6",1
"CACAATCTTACGCA-6",1
"GTCTGAGAGTCTGA-2",2
"CATGCCACGGCAAG-3",6
"CCGACTACATCGTG-6",1
"CAAAGCACTCGTAG-1",3
"GGAACTACACAGTC-2",2
"CTAGGATGGCTAAC-6",1
"TAGTACCTGCTGTA-2",6
"TGCATGGAGCGTAT-6",1
"CGTCGACTGAAAGT-2",2
"TATGTCTGTATGGC-2",2
"TTGAGGTGTCTTTG-7",5
"CCTGACTGACCTCC-6",1
"ATACGGACGAGATA-6",1
"AACTCGGAATTCCT-3",5
"TATCTGACTTCGCC-6",1
"AACGGTACACACTG-2",2
"TTATCCGAGCGAAG-4",4
"ACGTTTACGGATTC-2",2
"ACGATCGATCTTAC-2",2
"GCACCTACGGAAAT-3",5
"GAGTCAACACCGAT-6",1
"AACCCAGAGTGTAC-1",3
"ATACACCTTCTAGG-4",4
"GACAGGGAGGAGTG-6",1
"ACGTCCTGAAGGCG-6",1
"CTTCACCTCTATGG-6",1
"CCATGCTGTTTGCT-2",2
"CGTTAGGATATGGC-3",5
"AACTCGGACTCCCA-6",1
"TCTAAGCTGGTTCA-2",2
"TAGGTGTGTGCCTC-6",1
"ACGCTCACTTGCAG-7",6
"TGCACAGATGACTG-2",2
"GTTAGTCTTTCTGT-6",1
"TACGCCACCAGATC-2",2
"AATCTCACAGCGTT-2",2
"CACAACGACCAAGT-4",4
"GCAGTCCTGTCCTC-2",2
"GGAGTTTGTTTGCT-6",1
"CGCAAATGAGCTAC-2",2
"ATTACCACCAGATC-6",1
"TTGTCATGACCGAT-3",5
"CAATTCACTTCACT-7",6
"CGGCACGAGATAAG-2",2
"AGATATTGAGGTTC-4",4
"TAAGAGGAGAAAGT-5",7
"CTAGTTTGTGCGTA-6",1
"GCCACGGACACTAG-3",5
"AGGGCCACTTCATC-7",5
"CGCAGGACGAATGA-1",3
"GTATCTACATACCG-1",3
"GAGCAACTAAGCAA-6",1
"TTAGTCTGCAGATC-2",2
"CTATAGCTTAGAAG-6",1
"AGTGTGACGACGAG-6",1
"TTACGACTGCCAAT-4",4
"TACGATCTGCTTAG-3",5
"GATAGAGAAAACAG-1",3
"GTTAACCTAAACGA-7",2
"GTGTATCTGGCAAG-1",3
"TAGTCTTGAGAACA-4",4
"TAAGAGGATAGAGA-6",1
"ATTCAAGACACCAA-6",1
"CAGGTAACAAAAGC-6",1
"TATCCTGAGAGCTT-7",2
"GTTAAATGACCCTC-7",5
"GATTCTTGTGGTAC-2",2
"GTACGTGACTACTT-2",2
"ACTTGACTCGCTAA-6",1
"CTTTACGACTGAGT-2",2
"CACTAGGAAGAGAT-6",1
"ATACGGACTTATCC-7",6
"ACGTGCCTTGTCGA-4",4
"TACCGGCTTGCTTT-2",2
"ACAGTCGACCCTAC-6",1
"ATGCACGATCCCGT-6",1
"GACGCCGACTAGCA-1",3
"CACAATCTTGGTTG-5",7
"AGATCGTGGATAAG-4",4
"GTCACCTGTTGACG-3",5
"GTTCAACTGCATCA-7",5
"CACGGGACGGTTAC-7",6
"GCTAGATGTCCTAT-7",6
"GCGGACTGTCTTTG-7",5
"CCCAGACTACCTCC-7",6
"CTGGATGAGTTGAC-7",6
"AGGACTTGGGTAGG-1",3
"ACGTAGACCACAAC-1",3
"GCCATCACACACAC-6",1
"GGCCAGACCTGAGT-7",5
"ACAGTGACAGCGGA-2",2
"AGACACTGGGACAG-3",5
"CATCAGGATGGTCA-4",4
"TATACAGACGCCTT-6",1
"GTTCAGGAGATAAG-6",1
"AACCTACTTCGTTT-6",1
"AGAACAGATGGTGT-4",4
"GATATAACCATGCA-6",1
"TGGAGACTGACACT-1",3
"TTGTAGCTAGTCAC-4",4
"CATTTCGAGGTGGA-6",1
"TATAGATGTATTCC-4",4
"TGATTCACCACTGA-3",5
"ACGAAGCTGATGAA-6",1
"ACGGATTGGAAGGC-7",6
"GAGCGCACAGCGGA-2",2
"TCGTGAGAAAAGCA-2",2
"CATTTGACACGTTG-3",5
"CCAGCACTATGTCG-6",1
"TCAGTTACAACCTG-6",1
"GAAGTCTGTTGCGA-4",4
"TAGGAGCTCCCTCA-3",2
"CCCTGATGCTAGAC-1",3
"CGGCATCTGCTGTA-5",7
"AACGCCCTGTTCTT-1",3
"TAGCCGCTGAGATA-3",5
"TCGAATCTATCAGC-2",2
"CCAGAAACGCCCTT-3",5
"GGAGGATGTCCGAA-7",6
"CAGGTATGACACTG-6",1
"CGGTCACTCGTAGT-6",1
"CTCTAATGTCTCTA-6",1
"CCCGATTGGAGGGT-2",2
"GGCCCAGACTTGGA-3",5
"AGAGAAACTAAAGG-1",3
"GGTACATGTCGATG-6",1
"GGATACTGGCCAAT-6",1
"CCCTAGTGAAACAG-2",2
"GACCTAGAGGTAGG-6",1
"CATTTGTGTTTCTG-6",1
"TACTGTTGGTCGTA-2",2
"GCATGTGACGTGTA-6",1
"CATGTTACAAAAGC-4",4
"AGTCAGACTGAGCT-7",5
"GGGAAGACCATGAC-7",2
"GTATCTACTCAGAC-7",5
"CAACGAACTCTGGA-6",1
"GGGCCATGGGTTAC-6",1
"CCCTCAGAGCGGAA-6",1
"TAGGAGCTTGAACC-1",3
"ATACCGGATGCTAG-1",3
"GTGAGGGAGTACGT-3",5
"AATCCGGAAGTCTG-4",4
"AGAGGTCTACCTTT-7",3
"TCGTGAGAAGCAAA-5",7
"ACAGACACACAGTC-6",1
"CTCCACGACACACA-4",4
"ATACCACTAGAGAT-2",2
"CTATTGTGACTGTG-2",2
"GTCCAAGACACACA-6",1
"GACAGGGAGAGATA-6",1
"AGACCTGATACGAC-3",5
"ACAAATTGAAACGA-7",5
"TTAGAATGTATCGG-1",3
"GGAACACTGCTATG-7",5
"TACTCAACGGAGCA-7",5
"CGAAGTACAGAGGC-3",5
"CTGTATACACCGAT-7",6
"AGCACTGAAGACTC-7",5
"GCACCACTGATAGA-7",5
"GACCTAGAGCTATG-3",2
"GTTACTACGGAGCA-3",5
"AACGCATGATGGTC-4",4
"TGCCGACTTCTCTA-3",5
"TTTCTACTGCTAAC-6",1
"AAGACAGAAAGGTA-4",4
"ATCCATACACGTTG-1",3
"CAGCCTACACCCAA-3",2
"TACGTACTATGCTG-6",1
"CAGACTGATCTTTG-7",5
"ACAGTGTGGAGGAC-6",1
"GCGACTCTGGAGGT-1",3
"ATAGCCGATTCACT-3",5
"ACGGAACTTGTCTT-6",1
"ACTTGTACGCTGAT-2",3
"AATTCCTGTGTCCC-1",2
"CTGTAACTTGCACA-6",1
"CAGATCGAGGCGAA-7",3
"GAAGCGGAAGAAGT-6",1
"CGCTACACAGATGA-6",1
"TTGAGGTGGTCGAT-2",2
"GGATACTGGAGATA-6",1
"AAGTTATGTCTAGG-6",1
"CCGGAGACGCCTTC-6",1
"GGAACACTCTATGG-2",2
"ACGGTAACCGTGTA-6",1
"ACGTCAGATAGTCG-2",2
"TAGATCCTTGGTAC-2",2
"TATCTTCTGGAGCA-7",5
"CCCTTACTGAGGCA-7",6
"GCCTCAACTTCTAC-3",5
"GAGTGACTTTTCTG-1",3
"CAGTTACTTCCGAA-6",1
"TTGATCTGCTAGTG-2",2
"ACAGCAACTCGTAG-4",4
"GACGTAACTTCTAC-7",5
"GATTTGCTAAGTGA-7",5
"TCTTCAGATGGTCA-1",3
"CACAACGAATGCTG-6",1
"TTCAGTACGAGGCA-2",2
"GACAGTTGGCCTTC-7",2
"GCTATACTATGACC-7",6
"CAGATCGACTGTGA-3",5
"GTACAGTGTCACGA-3",5
"AGCACAACTTCGGA-3",5
"ATAAACACGTGAGG-6",1
"AGAGGTCTTCCTTA-1",3
"TGTAAAACCGCAAT-6",1
"GTTGAGTGTTCTAC-2",6
"CAGGTAACGAAAGT-6",1
"ATCTGGGAAGCCAT-6",1
"AGTATCCTCTCTAT-2",3
"GGACTATGCGACAT-2",2
"TAGGACTGCCGTAA-6",1
"CATTTGTGCTGTGA-3",5
"TACTTGACAAGAGT-2",2
"TTAGGTCTGGTAAA-6",1
"CATAAATGCGATAC-5",7
"AAATTGACCCCTCA-7",6
"ATTAACGACCTAAG-4",4
"GTGTACGAGACTAC-4",4
"CCTGCAACATTTCC-7",5
"GTCACCTGCTACCC-1",3
"CTGATACTCGTAAC-7",5
"AGTAGGCTGGGCAA-6",1
"TTAGCTACTGTCCC-2",2
"GCAGATACCCAATG-3",5
"CCAGTGCTACGGGA-2",2
"GATATAACAGAGGC-4",4
"TCCCACGATGCTTT-6",1
"AATACCCTAGAGTA-7",6
"AAGTCTCTTCTTTG-7",6
"TGGATCGAGTTACG-7",5
"ATGTAAACCCTGTC-6",1
"GTTCAGGACTTGAG-7",6
"CGTTTAACTCTATC-6",1
"GTCCAAGACTGTAG-6",1
"CTTGAACTCACTAG-7",5
"GAGGTTACCTCCCA-7",2
"GACTGTGATACAGC-7",2
"TGCCCAACTCTCGC-2",3
"TGATCGGAGCTCCT-2",2
"ATTTAGGACCTGAA-2",2
"GGACCGTGTTATCC-3",5
"TAAGCGTGTTTACC-1",3
"CATTTGTGTTAGGC-6",1
"CGCTCATGGTAGCT-1",3
"AGTACGTGAGGGTG-7",5
"GATCTTACCGTCTC-3",5
"TTGACACTCTATTC-3",5
"TTACTCGAAAACGA-3",5
"ATCTGGGACACAAC-6",1
"GCAGCCGAGTCATG-6",1
"GGACGCTGAACGTC-1",3
"GGATACTGTGAACC-7",5
"GGTACTGATATGCG-2",6
"CCAAGTGAATCGGT-4",4
"GAATGCTGCATGGT-7",5
"CGGTACCTTGGTAC-5",7
"ATAGATTGGTTGCA-4",4
"GAGATCACGGTAGG-6",1
"AGAGGTCTCCATGA-7",6
"ATGAGCACTCTTAC-1",3
"AAGAAGACAGAGTA-6",1
"TATTGCTGTGCCAA-2",2
"GTACTACTCAGTTG-7",5
"GAGTAAGATAAGGA-3",5
"ACTTTGTGGTAGCT-6",1
"TAGTGGTGTGGATC-2",2
"CAAGAAGATTGCTT-5",7
"CGTGAAACTCGTGA-2",2
"AGAAGATGCCCGTT-3",5
"GTACGTGATTGGCA-2",2
"CGTCGACTTCCTTA-6",1
"CTGGATGAGAACCT-1",3
"TAGTGGTGGCTATG-7",6
"ATAAGTACAAGCAA-6",1
"TATACCACCCCTAC-2",2
"CATTGGGATGCAGT-1",3
"TGTAACCTCATTGG-3",5
"AAGAAGACCTCAGA-3",5
"AAGTCCGATACTTC-6",1
"ACTTGGGATGCTGA-4",4
"ATTTCGTGGGAAGC-6",1
"CGAGGCACGTTCGA-4",4
"TAGAGAGACAAGCT-7",6
"CAAGTCGACGATAC-2",2
"ACTAGGTGTGTTTC-1",3
"CTACGGCTTACGCA-1",3
"ACGCGGTGGTTACG-4",4
"AAAGACGATCAAGC-1",3
"TGCTTAACCTTGTT-7",6
"TCGATTTGAGTGCT-3",2
"TACATAGATCAGTG-6",1
"CGGATAACAGAATG-5",7
"ACTTCTGAGAACTC-2",2
"CATCAGGAGTTGTG-7",5
"AACCTTACTAGAAG-7",5
"AGTTCTACTAAGGA-6",1
"ATAAGTACAACCTG-1",3
"GCACTAGAGCTACA-6",1
"CAAGGACTAGTAGA-3",5
"TCCCAGACGTTGGT-6",1
"TAGGCAACTTGCTT-7",5
"ATACTCTGGTGAGG-4",4
"TCTGATACGCTAAC-6",1
"ATCGCCACTCCTAT-1",3
"GTGAGGGAAGCTCA-6",1
"AGAATACTCATTCT-1",3
"CGCCATTGCCTATT-6",1
"TGTAATGAGAACCT-3",5
"AACAGCACAGTCGT-2",2
"ACAAATTGCGTGTA-2",2
"ATAGAACTAACCAC-1",3
"ACTCCCGACTTGAG-7",6
"GAAGTCTGGTTCAG-5",7
"ACACCCTGCTGTGA-7",5
"CAGTTACTAACCTG-6",1
"AATCCGGATGATGC-2",2
"CAGTGTGAGCTATG-6",1
"TGCTATACACAGTC-4",4
"CATGAGACCAGAAA-6",1
"TACCGGCTTTGCTT-6",1
"CGTACCACCCACAA-7",5
"ATTCAAGACGTAGT-6",1
"ATGCAGTGAGAAGT-1",2
"GACATTCTCGTGTA-1",3
"AGGGCGCTACCATG-6",1
"GGGAAGTGCCAGTA-6",1
"GCGAGCACCTGAAC-5",7
"CGAGCCGAACCTTT-2",2
"TAGTTGCTGATGAA-4",4
"GCCCAACTGATAGA-6",1
"TGCTTAACGAGCAG-1",3
"AAATCAACCGACAT-1",3
"AAATACTGGAGGAC-7",5
"TGTGAGACTTGGTG-6",1
"GGTGATACAACTGC-1",3
"CGATACGAACGACT-3",5
"TAGGCATGGGCATT-6",1
"GGGCCATGCAAGCT-6",1
"AGAAACGACCGTTC-6",1
"CTACGGCTGGTTTG-6",1
"GTTTAAGACGCTAA-7",6
"CATCGCTGTCTTAC-7",5
"CGGGCATGCAAAGA-2",2
"ACAACCGACTGTAG-6",1
"GCTCGACTAGTTCG-4",4
"GAAAGCCTAAGGGC-2",3
"ACCCGTACGGGATG-6",1
"CTCAGCACTTTACC-6",1
"CAGTTGGAGCAAGG-3",2
"GGGCAGCTGAGCAG-6",1
"AGAATACTCAACCA-3",5
"CAGCCTTGTGAAGA-5",7
"CACTATACCATGGT-1",3
"ACCATTTGGATACC-6",1
"GTCATACTCTATGG-7",5
"GATCGTGAATGTCG-2",2
"TATGCGGAGGTAAA-4",4
"GGTCAAACCCTTCG-7",5
"TACGATCTCGATAC-2",2
"ATTCTTCTAGAGAT-1",2
"AGGGCGCTCTAGCA-6",1
"CGCTACACACACGT-5",7
"TCAAGGACCGAACT-1",3
"CGCTAAGATGAGAA-6",1
"CACCGTACTTTACC-4",4
"CTCAGCACCTCAAG-1",3
"AAATACTGGACACT-7",6
"AGATCGTGAGGGTG-3",5
"CCTGACTGTAACCG-6",1
"CACTAGGAGACAGG-1",3
"AATGCGTGTGGCAT-2",2
"ATTGGGTGCATGGT-6",1
"CTGGCACTTTCTTG-6",1
"ATATAGTGAAGGTA-7",2
"TTCATGACTTCTTG-6",1
"AGATATTGAAGGTA-6",1
"TGCCCAACGTAAAG-3",5
"AGCGGCTGGTAAGA-1",3
"CAAGACTGGCGAAG-1",2
"GAGGCAGAGGACGA-1",3
"GCAGTTGACTTGAG-1",3
"GCACACCTCTGATG-6",1
"AACAGAGACTCAGA-6",1
"CGTAGCCTTTATCC-7",2
"AGAAACGACGCAAT-1",3
"AATTGTGAGATACC-7",2
"ACGAAGCTAGCCTA-7",5
"CAGCAATGTACGAC-6",1
"CATCTTGATCTTCA-3",5
"CAGAAGCTCACTAG-2",2
"CTTAAGCTGTCACA-1",3
"GCCCATACGCTGTA-7",6
"CGAGCCGAATCGTG-7",5
"GGAACTACGTGCTA-6",1
"TTATCCGATGATGC-2",2
"GACGAACTCATACG-6",1
"TGCGATGAGAATCC-2",2
"GAATGCACTGTCTT-7",5
"AGGGCCACCTGCTC-6",1
"ACGCTCACACGGAG-2",2
"GGCGCATGTTCGTT-5",7
"ACCCGTACGTACAC-2",2
"GCTTGAGATTTGCT-2",2
"CGAGGAGAACCCAA-6",1
"AAACATTGAGATCC-7",6
"AAACTTGAGAGACG-2",2
"CCCAAAGAAGAATG-3",5
"GTTGGATGCCATAG-6",1
"TCTATGTGACGGAG-1",3
"CGATAGACGTGAGG-2",2
"TGCATGGATCAGAC-1",3
"TTCAGTTGTCAGTG-7",5
"CGATCCACCGACAT-2",2
"CTTGTATGAACAGA-6",1
"ATAGAACTAAGAAC-3",5
"ATGCCAGACCTCCA-7",5
"GAATGGCTGGGAGT-7",5
"ATAATGACTCACCC-1",3
"TAGCCCACGGACAG-6",1
"ATGAGCACAGTCTG-1",3
"ATTCCATGCTCGCT-6",1
"TGTTACTGCACTAG-4",4
"TGCGTAGATACTCT-3",5
"CAAGACTGATTCGG-6",1
"TTACACACAGAACA-7",6
"CTCAGAGAGCCATA-4",4
"ACACGATGCGCAAT-7",6
"ACGTCGCTAGTGCT-1",3
"GATGCCCTTCTTAC-1",3
"ATGTCACTGTCCTC-2",2
"CTTTCAGAGCTGAT-4",4
"TCTCAAACAGATCC-7",6
"CTGAATCTGGACTT-2",2
"GATAGAGAGTGAGG-2",2
"GCCTAGCTTGTTCT-4",4
"GTGCAAACGGGAGT-4",4
"CCAAAGTGGCGGAA-7",6
"TGACTTACGGACTT-3",5
"GGTTGAACCGAGAG-7",6
"ATCCAGGACTAGCA-6",1
"CACGGGTGGATAAG-5",7
"GAAAGATGCCCTCA-1",3
"CGTACCTGGACACT-6",1
"AGAGGTCTTGCCAA-2",2
"TGCTGAGATGAGCT-5",7
"GGGATTACCATTCT-4",4
"TGCGTAGAAAAAGC-2",2
"CACTTTGAGAAACA-7",6
"GCCCAGGAGCGTTA-4",4
"GCCCATACCTGTAG-7",5
"GCAATCGATTCACT-6",1
"CGTGATGATGTCAG-3",5
"CACGAAACGTACGT-7",6
"AACGCAACCTGCTC-4",4
"CCATATACAGGTTC-3",5
"CTCCTACTAAGCAA-7",5
"GGGCCAACTCCCGT-1",3
"AGTCTACTTGACCA-4",4
"CCAGTCACAGAATG-5",7
"TCGATTTGTTCTTG-2",2
"GAGATCACTCAGAC-7",5
"TACATAGAAGCCAT-5",7
"ATTCTTCTACGGAG-6",1
"CGAGATTGCTCTCG-2",6
"CGACAAACACGACT-6",1
"AGTGTGACGAGGTG-2",2
"TCGAGAACAACTGC-7",5
"GTGAGGGATGCTCC-7",5
"ATACCACTGCTTCC-4",4
"ACGTCGCTAGAATG-3",5
"AAATACTGGCGAGA-2",2
"ATGACGTGACCAGT-4",4
"AGAATACTACCATG-6",1
"GCTACCTGGTGAGG-4",4
"GAGGGCCTGCTGTA-2",2
"TAGATTGAAACCTG-1",3
"CAATCTACGGCATT-1",3
"GAGGCAGAAACCGT-2",2
"GCGGGACTGGTCTA-7",5
"ATCAACCTCCAACA-7",5
"GCGCGATGAGGTTC-2",3
"GTGTCAGAGCAAGG-3",2
"CACTAGGATGACAC-6",1
"ATCGACGAGCTTAG-1",3
"ATTTAGGACCTTCG-6",1
"AGCCACCTCTTGAG-3",5
"AATACTGATGGAAA-6",1
"CCAAGTGACTCAGA-7",2
"CGTACAGATTGACG-4",4
"CTATCATGTCACGA-7",2
"GTTATGCTTCTGGA-6",1
"ATGTTCACTGCTAG-7",2
"TGGATCGAACGGAG-1",3
"CTAACTACTCGCCT-2",3
"GGCGGACTCTCCAC-1",3
"CCTGAGCTGGTCAT-6",1
"CTATAAGATGCCTC-7",6
"ACGGATTGGGGAGT-3",5
"TGTTACACACAGTC-3",5
"TGTCAGGAAAGATG-6",1
"GTACCCTGTACTGG-4",4
"GGTTGAACTGCCTC-2",2
"ATGGTGACCGAGAG-6",1
"GCGCATCTCCTGAA-6",1
"ATCAACCTAGAACA-6",1
"GATATCCTAAAGTG-3",5
"GCTAGAACTCACCC-6",1
"TCCTAAACTAAAGG-7",2
"CGACAAACGGTGGA-7",6
"ACTCGCACCTATGG-1",2
"GAGTGTTGAACGGG-1",3
"GGCCACGATAGTCG-2",5
"AAGTAGGAGATAAG-6",1
"CCACTGACCATGCA-6",1
"GGGCACACACACAC-7",5
"CCAATTTGCTTGAG-6",1
"ACGTCAGAAAGAGT-7",5
"CGTGAATGGTAGGG-1",3
"TCTAGACTGAGGGT-3",5
"AGGAACCTACTCAG-6",1
"CTTAAGCTTGCATG-6",1
"TGGATTCTCGCATA-6",1
"GGTATGACTCTGGA-3",5
"AGGAGTCTCATTGG-1",3
"GCTCCATGGAGGCA-2",2
"CAGCTCACACGCTA-3",5
"TAGTAAACCTGTGA-2",2
"ACAAAGGACGCATA-6",1
"ACAATAACGCTTAG-2",2
"GTTCATACTACAGC-6",1
"CTGAAGTGCACACA-6",1
"AGAATGGACTGAGT-6",1
"TTCACCCTGCGGAA-6",1
"CTGGATGAAGTCGT-5",7
"TTATTCCTGCATCA-6",1
"GCGCGATGGCTGTA-6",1
"ACTTCAACCATGGT-6",1
"ACGCTCACGAGGGT-1",3
"GCAACTGATTGCAG-4",4
"AACCACGATTTGCT-6",1
"TGCCCAACCTGTCC-7",2
"ATCCCGTGAGACTC-6",1
"GATAATACCTGGAT-1",3
"ATCGTTTGTTGCTT-6",1
"GATTCTACGCCATA-7",5
"TCATTCGAGCATCA-6",1
"GTGCTAGATTGAGC-2",2
"CTCGACTGATCACG-3",5
"GTCTAGGACATGAC-4",4
"AGGACTTGCCTGAA-4",4
"GTTAGGTGTCAGAC-7",2
"GATAAGGAGCTATG-1",3
"CAATAATGTGGATC-1",3
"ATTGTCTGCAGTCA-4",4
"TAAAGTTGATCTTC-6",1
"CATACTACAGAGAT-4",4
"TTACACACTCGACA-2",2
"CTATAAGACCAATG-1",3
"TTGCTATGCGTAAC-2",2
"ATTGCACTTGCCTC-6",1
"CTTCTAGAGCTGAT-1",2
"ATCTTGACAACGTC-4",4
"CCTAGAGACCATGA-6",1
"CTCAGCTGAAGGGC-6",1
"CGTTAACTGAAACA-6",1
"CGATACGAGCTACA-1",3
"CTCTAAACGTGTTG-6",1
"AGTATCCTCAGGAG-2",2
"GATTTAGAATTGGC-4",4
"TAGGTCGACTTCCG-2",2
"CTAACGGAGATAAG-6",1
"CACTCTCTACACGT-1",3
"TGACTTACCTCCCA-1",3
"GTGTATCTTCGACA-4",4
"TGAAATTGTTCTAC-7",5
"TGGAGGGACCGAAT-7",5
"TCACGAGACCCACT-6",1
"AGGCAACTAGAATG-6",1
"TAGTAAACTCTTAC-3",5
"CTACTATGGGTGTT-1",3
"TGCTAGGATCTCGC-2",2
"GAGAAATGTGCAGT-1",2
"ATTAACGATTGACG-6",1
"CTCATTGACTACGA-6",1
"GTATGGTGAACGAA-5",7
"CACGGGTGGTTGGT-6",1
"AACATTGATTCTAC-7",6
"ACACGAACTAGCGT-1",3
"TTCCATGACACCAA-1",3
"TGAAGCACTGCCAA-4",4
"AGCCTCTGTCGCTC-2",2
"GCACGGTGCCTTTA-6",1
"GTACCCTGGCTGAT-2",2
"TAAGCGTGAATCGC-6",1
"ACGCTGCTGTTGGT-3",5
"CAAACTCTGTCTTT-7",5
"CCGGAGTGATCGAC-1",3
"CGTGAAACCAGGAG-7",5
"TGTGAGACTTTCTG-6",1
"TTGTACACTGACCA-2",2
"CGATCCACGTCAAC-2",2
"GGAGACGAGCTATG-4",4
"TGGTATCTTCGTAG-6",1
"TCAGAGACTGGTGT-4",4
"CGCAGGTGAGCTCA-7",6
"GAAACCTGCATTGG-6",1
"CAACCAGACCTCCA-1",3
"TCAACACTCTATGG-5",7
"GCAATCGACCTCCA-7",6
"TGGCAATGCCCTTG-2",2
"ACTGCCACTCTGGA-1",3
"GTAGCAACGGTCAT-6",1
"ATAGCCGAGAGACG-6",1
"CATAGTCTAAGGCG-6",1
"CGGCATCTAGCGGA-4",4
"AAGGCTACGCCCTT-6",1
"TGACGATGGGGAGT-2",2
"TCCATCCTTGACAC-7",5
"GGTTGAACAGATGA-3",5
"AGCAAGCTATGTGC-2",2
"ACGTTACTTGGGAG-6",1
"AGTCGCCTCCCTCA-6",1
"TCGCAAGAGCTTCC-6",1
"GTACGTGATAGAGA-6",1
"CAGATCGAGAGATA-3",5
"CCCAAAGACCTCGT-2",2
"TTTGACTGGAATGA-4",4
"GCACCACTTGCCTC-2",2
"GAGCATACGTCTTT-3",5
"GTTCATACTGCTAG-6",1
"GGCCCAGACAGTCA-3",5
"AATACTGAGATACC-6",1
"ATGTCGGAAAACGA-2",2
"TTACGACTTCGTGA-6",1
"AGACTGACGCTTCC-6",1
"CACTGCACCTCCAC-6",1
"AGCCAATGTCGCCT-6",1
"AGTCTACTATAAGG-1",3
"GGGTTAACAGAGGC-6",1
"AACTACCTCTCATT-6",1
"TTCCAAACAGCATC-4",4
"TTGGAGACTACGCA-4",4
"TGAAATTGTCCTCG-4",4
"CGGCCAGACCCAAA-6",1
"GACTGTGACCCGTT-2",2
"CACATGGACCTTAT-3",2
"AAGCCTGAGAGCAG-7",5
"GCACTAGATCTCCG-6",1
"ATCGGTGACCCACT-1",3
"GCGGAGCTTCTAGG-7",2
"TAGGAGCTGGAAAT-3",5
"GATGACACGACGAG-7",5
"GAGTGTTGACCATG-6",1
"GAAGGTCTGAAAGT-6",1
"AGAGAATGGCTTCC-6",1
"GCTACGCTCTGAAC-2",2
"GAGGGCCTGAGGCA-1",3
"CAAATATGAGCGTT-3",2
"TCGCAAGAAGTCGT-5",7
"CGTCCAACAAAGTG-5",7
"GGAGGCCTTGCAGT-2",2
"TGCACAGATGCACA-6",1
"ATAAACACCAGATC-1",2
"ATCTCAACTTCAGG-6",1
"GAGTGGGAACTCTT-6",1
"TTACGTACCCGTAA-3",5
"TGGATTCTCATGCA-1",3
"GAGCGCACTATCTC-7",6
"GAGCAGGATCTTAC-7",5
"TGTAAAACGGATCT-6",1
"ACTCTCCTGGTAAA-5",7
"ATTGTAGATACTTC-7",5
"GCGCATCTTCCGAA-4",4
"TTTCACGAGCCTTC-1",3
"TTCTGATGAAGTGA-6",1
"CGAGGCTGCGTAGT-3",5
"TACAATGAGAGATA-1",3
"CTCAATTGGTTCAG-6",1
"CTGTAACTCAATCG-3",5
"CACTGAGAGGAGGT-5",7
"AGGTTGTGTTTCTG-1",3
"TCTTGATGAGTCAC-1",3
"CAGCGGACCTAGTG-6",1
"GCGAGAGACAGAAA-5",7
"CGGCGAACTACAGC-2",2
"CCAAGTGAGAACTC-7",5
"GAGGTGGAACACCA-7",6
"AGATATTGGTATCG-6",1
"ACTTAGCTTTCTTG-7",5
"TTGTAGCTTCCTGC-6",1
"GCCAACCTTTTCAC-4",4
"TTGATCTGCGGAGA-3",5
"AGGATAGAGCCAAT-7",5
"GAAGTCACTGCAGT-1",3
"CCTATAACTCCTGC-2",2
"CTTAGGGAGTGAGG-2",5
"TCAATAGATGACAC-1",2
"AGCCTCACTTAGGC-2",2
"CTTTACGATACGAC-1",3
"GACGCCGACGAGTT-4",4
"TCGAATCTGAACTC-5",7
"AACAATACCAAGCT-7",6
"AGGCAGGAACTACG-3",5
"TCCGAAGACCCTTG-1",3
"GGCCGATGAAACAG-7",5
"GACGAACTCAATCG-2",5
"GTCCCATGTCGCAA-1",3
"AACGTGTGAACAGA-7",2
"GTTGACGAGTCTAG-2",2
"CTATCAACTGGAAA-1",3
"CGAGAACTGCTACA-1",3
"CTGAAGACTGGGAG-1",3
"GATTCGGAAGAACA-4",4
"CTGTGAGAAGAGAT-7",2
"TACTTGACGTACGT-6",1
"TGCTGAGACTTACT-7",6
"TATTGCTGTACTGG-2",2
"CGTTATACATTCCT-6",1
"CATAACCTTCCCAC-1",3
"AGAATTTGACCACA-5",7
"CCTAAACTTTCGCC-6",1
"TGCCCAACAGTGTC-6",1
"ATGTACCTGAAGGC-6",1
"GAACTGTGAATCGC-2",2
"TACGTACTAGGGTG-6",1
"GCTACGCTTAAGGA-7",5
"TTAGCTACGACAAA-6",1
"CTTGATTGTACTGG-6",1
"TTCAAAGAGCTGAT-6",1
"TCGACCTGGAATGA-5",7
"GGATAGCTAACGTC-7",5
"TAGAAACTCATTGG-4",4
"AGCCAATGACCACA-4",4
"GGAGGATGGGACTT-5",7
"CAAGACTGGCTATG-7",2
"TAACTAGACGATAC-6",1
"ACAGTGTGAAACGA-6",1
"AATGCGTGCACCAA-7",6
"GAGATCACCTCAAG-2",2
"TATGGGTGTCAGAC-2",2
"GCGCGAACCCGTTC-6",1
"GTACAGTGTGCCCT-2",2
"ATCTGACTGGAAGC-5",7
"GCGAGCACGGACTT-7",6
"GGCGGACTTGGTGT-6",1
"TCCAGAGAGGTCAT-6",1
"TGGAGACTGCGAGA-4",4
"CAAGACACCGTGAT-2",2
"TTATGAGAGGCAAG-4",4
"TCGAGCCTTGCTCC-2",2
"TACCATTGCGTACA-7",5
"CGTGAAACCCTTAT-1",3
"ACAATTGACGTGTA-1",2
"TACGCAGAGTAGCT-6",1
"CATAAAACGCGTTA-3",2
"CTAAACCTTATCGG-2",2
"AGCGCCGACAGAAA-1",3
"TGATCGGAGCCCTT-1",3
"GACGATTGTCAGTG-2",2
"ACAAGAGACAGCTA-6",1
"TATTGCTGGGTAAA-6",1
"CCGACTACACTTTC-2",2
"TACTACACTTCAGG-2",2
"ACCTCGTGAGGCGA-1",3
"CAGTGTGAGTATCG-2",2
"CTTACATGGAGAGC-4",4
"GCTAGAACCCCAAA-7",6
"AGAGATGAGTTGTG-2",2
"TTTATCCTAGATCC-7",5
"CTCAGGCTCAGATC-2",6
"TAGCATCTAGGGTG-6",1
"CGCTCATGTGTCAG-4",4
"GTATTCACAGGAGC-1",3
"CAGACCCTCTGGAT-7",2
"ATTTCGTGGGAACG-6",1
"GCAATTCTCAAGCT-2",2
"CGCACGGATGCTCC-6",1
"GCTACAGAATCTCT-6",1
"TTTGCATGAAGATG-7",5
"CTTAACACACTTTC-6",1
"ATGAAGGAGACTAC-4",4
"CAAGGACTACCGAT-4",4
"AATGTCCTTTATCC-7",5
"CTTGAACTCCATAG-2",2
"ACCACCTGCCTAAG-2",2
"TCGAGAACAGCTCA-6",1
"GGAACTTGTTCCGC-4",4
"GAAAGATGAACCTG-3",5
"GCTAGATGCTGTTT-7",6
"AATGGCTGCCAAGT-6",1
"GAGTTGTGGACACT-6",1
"AGAATTTGTGAACC-7",5
"CTATCATGCGAACT-1",3
"AGGTTGTGCTCGAA-2",2
"GGCTAAACGCTGAT-1",3
"TTACAGCTGTCGAT-6",1
"CGCAAATGTCTGGA-4",4
"GGGCAGCTGAGGAC-4",4
"AAACATACAAGGTA-3",5
"TGATATGAACAGCT-6",1
"CGTCCATGGGGTGA-5",7
"TGAGACACGCCATA-6",1
"ATCTCAACGCATAC-6",1
"AAGTATACAAACGA-6",1
"GTGATGACCATTTC-1",3
"TTCACCCTACACAC-5",7
"GACAACTGGCGAGA-1",3
"TATAGATGCGTACA-6",1
"TTGTAGCTAGCCAT-4",4
"GGTAAAGATGGAGG-6",1
"CATTACACCTCAGA-2",3
"CAGCCTACAACCTG-2",2
"TGGGTATGCCTTAT-7",5
"TATGGGACGACTAC-4",4
"TACACACTCAAAGA-7",5
"ACCCAGCTTCTCTA-1",3
"AGAAGATGCTGTCC-7",5
"CGTTATACCCTACC-3",5
"AACCTTACAAGCAA-3",5
"GCTATACTTTCCAT-7",6
"ATCCATACTTTGGG-5",7
"GGCCGAACCTTCCG-7",5
"CTGAATCTACCAGT-6",1
"TGGACCCTAAGATG-2",2
"CAGGTATGATCGTG-6",1
"AGCTGAACGCTATG-3",5
"TACTACACCAACTG-6",1
"TCTAACACGTGCTA-6",1
"AGACGTACGTGTCA-6",1
"GAGGGAACTAAGGA-6",1
"CTTTAGACTGTCAG-5",7
"ACACAGACACACAC-7",5
"TTCATGTGACACCA-6",1
"CACGGGACAGACTC-6",1
"AGAAACGATCGCTC-6",1
"CATCAACTAGCCTA-6",1
"GAGGTTTGCCACAA-6",1
"TATCCTGAGCAGAG-7",6
"CGATAGACCGAACT-6",1
"GTTGATCTTGCTGA-7",2
"GACACTGACCAAGT-7",6
"ATTACCACACGGTT-6",1
"AGCGATTGCGACAT-1",3
"ACTTGACTCGAGTT-3",5
"AGACACTGCGTACA-4",4
"AGGTTCGATTCATC-7",2
"CTTCATGAGGGTGA-1",3
"CGATAGACGCGATT-6",1
"AAGTCTCTGTTCTT-6",1
"TCCATAACGCGATT-1",3
"CCAGTCACTAGACC-6",1
"ACAGTGTGTGCGTA-2",2
"TACTAAGATGTCTT-1",3
"ACCAGTGAAAGTGA-6",1
"AAGTCTCTCCTTCG-7",6
"ACCTGAGAGTCAAC-2",2
"TAGAGAGAACTGGT-6",1
"ATGCTTTGGACGTT-4",4
"ATTCGGGAAAGATG-2",2
"GACTGAACTACAGC-7",5
"ATTCTGACCCGTAA-4",4
"CGCTACTGCCACCT-7",6
